bprna_id,sequence,length,size,pks,pk_penalty,stems_actual,energy_actual,stems_predicted,energy_predicted,time_to_solution,sensitivity_bp,specificity_bp,sensitivity_b,specificity_b
bpRNA_RFAM_2112,GUGCCGUAAACUAAUGAGUAAGGAAAAUAAACGAACCCUGGUGACGCGGGGUUUAAAGGGUAUUUCCCUUGCGUGAUUUUUGAGGGGCACAGGUCGCUAUUGGCUGUGGAAGCUUACUUUGCUUUCCGCAGUUGAAGUGGGAUCUUCCC,149,l,F,0.5,"[[4, 23, 5], [33, 54, 8], [55, 71, 5], [84, 150, 5], [91, 145, 7], [101, 134, 2], [104, 131, 5], [109, 125, 5]]",-1682,"[[1, 90, 4], [5, 16, 3], [8, 54, 3], [11, 140, 3], [18, 117, 4], [22, 148, 4], [26, 101, 3], [29, 120, 3], [32, 82, 3], [36, 86, 4], [42, 71, 3], [45, 75, 4], [49, 67, 3], [56, 79, 3], [59, 64, 3], [92, 144, 4], [96, 104, 3], [106, 129, 5], [111, 133, 3], [122, 137, 3]]",-2327,3.868164063,0.102941176,0.166666667,0.536764706,0.869047619
bpRNA_RFAM_5435,AAUAAUCUUCAGGGCAGGGCGAAAUUCCCUACCGGCGGUAACUGCUUAUAGCAGAAGCCCGCGAGCGCUUUCUAAUAAAAAUAGAAAGGUCAAGCAGAUUUGGUGUAAUUCCAAAGCCGACAGUUAAAGUCUGGAUGAAAGAAGAUUGA,149,l,F,0.5,"[[3, 148, 8], [17, 29, 3], [35, 62, 4], [99, 115, 5], [121, 133, 3]]",-454,"[[2, 106, 3], [6, 145, 4], [10, 148, 3], [13, 118, 3], [17, 30, 3], [21, 27, 3], [31, 39, 3], [34, 59, 3], [42, 54, 4], [46, 84, 4], [60, 67, 3], [68, 141, 3], [71, 89, 3], [74, 110, 3], [90, 138, 3], [95, 133, 6], [101, 113, 3], [119, 125, 3]]",-2948,3,0.116666667,0.304347826,0.35,0.913043478
bpRNA_RFAM_721,GACUCUCGGCAACGGAUAUCUCGGCUCUCGCAUCGAUGAAGAACGUAGCGAAAUGCGAUACUUGGUGUGAAUUGCAGAAUCCCGUGAACCAUCGAGUCUUUGAACGCAAGUUGCGCCCGAAGCCACUAGGGCACGUCUGCCUGGGCGUC,149,l,F,0.5,"[[40, 102, 4], [44, 57, 4], [65, 92, 3], [72, 79, 2], [106, 114, 3], [116, 132, 6]]",-442,"[[1, 149, 3], [4, 16, 3], [7, 84, 3], [10, 113, 3], [19, 42, 3], [22, 139, 3], [26, 78, 3], [29, 50, 3], [33, 103, 3], [36, 46, 3], [54, 133, 3], [57, 81, 3], [60, 97, 3], [63, 91, 4], [67, 116, 3], [72, 120, 3], [85, 94, 3], [98, 110, 3], [104, 136, 3], [122, 146, 3], [127, 143, 4]]",-2996,3,0,0,0.3,0.886363636
bpRNA_RFAM_839,ACCUGGCCGGGGGAAGUCGGUGAUCAAGACGGCCGAGUCCCUAGUUGGGGAACCUCUCCUGCACUUGAGAGGGGCUCCUUCUAUGAUUGCCUUCGGGUAACUCAACGGCAUAAUUUGUGAUAGCGUGGGGUGCGCUUGUCGCGCCCUGC,149,l,F,0.5,"[[6, 109, 4], [10, 42, 6], [17, 36, 5], [43, 82, 3], [52, 74, 3], [56, 69, 2], [84, 104, 3], [88, 99, 2], [90, 96, 2], [125, 149, 10]]",-1184,"[[3, 108, 3], [6, 75, 3], [10, 146, 3], [13, 94, 3], [16, 121, 4], [20, 64, 3], [25, 47, 3], [28, 140, 3], [31, 91, 3], [35, 58, 3], [39, 130, 3], [42, 61, 3], [48, 55, 3], [65, 105, 5], [70, 82, 3], [76, 97, 3], [83, 111, 3], [86, 114, 3], [98, 117, 3], [122, 136, 6], [141, 149, 3]]",-3292,3.612955729,0,0,0.550724638,0.95
bpRNA_RFAM_9907,CCUCCAUUUCUUGGCGGAGGCCGGGUGCUUAGUCCUGGCCCCCGUUAUGUACGGAGGCAGAACAAGGGGACCCUGGGUCCCCCCGGCGUCAUGUCUUCGGUGCCGGCGGUUCCCCAUCCGCCGGUUCUAUCCUCAAUCGCCGGGACACC,149,l,F,0.5,"[[2, 56, 4], [15, 44, 6], [22, 37, 4], [84, 142, 6], [103, 124, 7]]",-709,"[[1, 67, 3], [4, 14, 3], [9, 61, 3], [15, 44, 3], [18, 97, 3], [21, 54, 3], [24, 29, 3], [30, 47, 3], [33, 70, 3], [36, 91, 3], [48, 64, 3], [55, 74, 3], [75, 80, 3], [84, 123, 5], [92, 147, 3], [99, 104, 3], [105, 141, 3], [108, 131, 3], [111, 144, 3], [124, 137, 3]]",-2811,3.476236979,0.048387097,0.111111111,0.39516129,0.907407407
bpRNA_CRW_15563,UCAUCUGGUGAUGAUGCUCUUUAGGGUAACACCCGUUUUCCAUUCCGAACACGAAGGUUAAGCCUAUUGAGGCCGAUGGUACUGCAC,87,m,F,0.5,"[[17, 71, 2], [20, 68, 6], [30, 59, 3], [33, 54, 4]]",-196,"[[1, 14, 5], [6, 42, 3], [15, 86, 3], [18, 26, 4], [27, 60, 4], [31, 80, 3], [34, 53, 3], [37, 56, 3], [43, 49, 3], [62, 73, 4], [66, 77, 4]]",-1350,3,0.076923077,0.2,0.371794872,0.966666667
bpRNA_CRW_15984,AAGCUCCUUAGCGCUGAUGGUAGCCGACUUACGUUCCGCAAGAGUAGGACGUUGCCAGGC,60,m,F,0.5,"[[14, 48, 7], [23, 39, 4], [27, 34, 2]]",-135,"[[3, 12, 3], [7, 42, 3], [13, 24, 4], [18, 38, 3], [26, 35, 3], [29, 47, 4], [48, 53, 3], [54, 60, 3]]",-505,3,0.076923077,0.153846154,0.423076923,0.846153846
bpRNA_CRW_16038,UUUUUGCCUGGUGGCCAUAGCGAGUAGGCCCCACCCGAUCCCAUUCCGAACUCGGAAGUGAAACUGCUCAGCGCCGAUGAUAGU,84,m,F,0.5,"[[20, 72, 2], [22, 69, 6], [32, 60, 3], [35, 55, 4]]",-196,"[[1, 62, 3], [4, 49, 3], [8, 20, 3], [11, 34, 4], [22, 46, 4], [27, 75, 3], [35, 55, 3], [38, 78, 3], [50, 59, 3], [63, 84, 3], [66, 72, 3]]",-970,3,0.085714286,0.2,0.385714286,0.9
bpRNA_CRW_16424,CCUGAUGACCAUAGCGAGUCGGUCCCACCCCUUCCCAUCCCGAACAGGACCGUGAAACGACUCUACGCCGAUGAUAGUGCGGAUUCCCGUGUGAAAG,97,m,F,0.5,"[[14, 66, 2], [16, 63, 6], [26, 54, 3], [29, 49, 4], [72, 97, 3], [77, 92, 6]]",-538,"[[1, 48, 4], [5, 12, 3], [14, 68, 3], [17, 62, 4], [21, 51, 3], [26, 54, 3], [32, 44, 3], [36, 73, 4], [63, 77, 3], [78, 91, 5], [84, 95, 3]]",-1191,3,0.315789474,0.5,0.526315789,0.833333333
bpRNA_CRW_8500,ACGGCGGCCAUAGCGGGGGGGUUACACCCGGUCUCAUUUCGAACCCGGAAGUUAAGCCCCCCAGCGAUCCCGGUUGUACUGCCCUCCGAGAGGGGGCGGGAAGCCGGGGACGCCGCCGGCCA,122,m,F,0.5,"[[3, 117, 6], [13, 65, 2], [15, 62, 6], [25, 53, 3], [28, 48, 4], [67, 110, 7], [77, 101, 8], [86, 93, 2]]",-1322,"[[2, 118, 4], [6, 121, 3], [10, 77, 3], [13, 113, 3], [16, 84, 3], [19, 46, 5], [26, 32, 3], [33, 90, 3], [37, 56, 3], [47, 70, 3], [51, 65, 3], [57, 100, 3], [60, 109, 3], [71, 81, 4], [85, 94, 3], [95, 105, 3]]",-2113,3,0.096153846,0.131578947,0.663461538,0.907894737
bpRNA_CRW_32863,GCGGGUAUAGUUUAGUGGUAAAA,23,s,F,0.5,"[[11, 23, 3]]",-9,"[[6, 17, 3], [11, 22, 4]]",-36,3,0,0,0.357142857,0.833333333
bpRNA_PDB_368,GGCGUCACACCUUCGGGUGAAGUCGC,26,s,F,0.5,"[[1, 25, 2], [4, 22, 1], [6, 19, 5]]",-39,"[[1, 6, 3], [8, 19, 3], [11, 22, 3], [14, 25, 3]]",-101,3,0,0,0.625,0.9375
bpRNA_PDB_389,GCUGAGCUCGAAAGAGCAAUGAUGU,25,s,F,0.5,"[[1, 23, 3], [4, 17, 4]]",-48,"[[1, 17, 3], [4, 9, 3], [19, 25, 3]]",-78,3,0,0,0.666666667,0.857142857
bpRNA_RFAM_25456,GGCGACUGGUGAGUACGC,18,s,F,0.5,"[[2, 18, 3], [5, 14, 3]]",-36,"[[2, 18, 3], [5, 14, 3]]",-36,3,1,1,1,1
bpRNA_SRP_2,GCCGCGAACCCCGCCAGGCCCGGAAGGGAGCAACGGUAGUGGUGGA,46,s,F,0.5,"[[1, 43, 5], [11, 36, 3], [19, 28, 3]]",-113,"[[1, 43, 5], [9, 28, 3], [13, 19, 3], [20, 36, 3]]",-159,3,0.357142857,0.454545455,0.75,0.954545455
bpRNA_RFAM_14667,CUGACUAUGUGAUCUUAUUAAAAUUAGGUUAAAUUUCGAGGUUAAAAAUAGUUUUAAUAUUGCUAUAGUCUUAGAGGUCUUGUAUAUUUAUACUUACCACACAAGAUGGACCGGAGCAGCCCUCCAAUAUCUAGUGUACCCUCGUGCUCGCUCAAACAUUAAGUGGUGUUGUGCGAAAAGAAUCUCACUUCAAGAAAAAGA,201,l,T,0.5,"[[2, 71, 8], [16, 59, 9], [38, 144, 4], [42, 139, 1], [76, 112, 4], [82, 93, 4], [99, 137, 4], [104, 132, 5], [113, 125, 4], [148, 176, 5], [156, 169, 4], [161, 190, 5]]",-2820,"[[2, 187, 3], [5, 68, 3], [8, 158, 3], [11, 184, 3], [14, 200, 3], [17, 128, 3], [21, 36, 5], [27, 140, 3], [37, 144, 3], [40, 112, 3], [43, 161, 3], [46, 89, 3], [49, 65, 3], [52, 177, 3], [56, 61, 3], [69, 181, 4], [73, 132, 3], [76, 121, 3], [80, 155, 3], [83, 92, 3], [93, 105, 3], [97, 109, 3], [100, 173, 3], [113, 125, 3], [116, 169, 3], [133, 152, 4], [145, 165, 4], [188, 194, 3]]",-5430,4.841145833,0.101123596,0.157894737,0.584269663,0.912280702
bpRNA_RFAM_2340,AGCGAAAGGAAGCUCACUGUAGAGGUCACUUACUGAGUGCUCGUCACUCGCCAACACCUCGGGGAAGGUCUGAGACAGGAGCUCCUCGCUGACCUAGCAGGACAUCAUCUGAAUGAUGAGCGAGUGCACAGAAAAUCGGGUCACGCGCGCGACUCUCGCAGCAGACGUUGAUGCUCGCACACAUUCAGCGGAUCAACUGAAUGACGCGCGCAGACUUGGAAACACUCGCGGCUGGCGAAUGAGUGCGAUGUGUGAGCUAGCAUAACAUGCUAGAACCCAAUUCAGACUACUCUCCCUCCGC,301,l,T,0.5,"[[2, 301, 3], [8, 295, 3], [13, 256, 7], [21, 61, 5], [35, 49, 5], [70, 285, 5], [80, 233, 4], [90, 104, 5], [107, 119, 4], [120, 229, 7], [140, 215, 3], [257, 273, 7]]",-3247,"[[2, 301, 3], [7, 297, 3], [10, 31, 3], [14, 242, 3], [18, 104, 3], [22, 292, 3], [25, 166, 3], [33, 260, 3], [38, 128, 3], [41, 152, 3], [44, 73, 3], [48, 238, 5], [57, 101, 3], [61, 85, 4], [65, 217, 3], [68, 76, 3], [77, 95, 3], [86, 119, 3], [90, 107, 3], [96, 175, 3], [108, 214, 3], [111, 283, 3], [114, 143, 3], [120, 159, 3], [123, 233, 3], [131, 186, 3], [135, 172, 3], [138, 278, 3], [144, 149, 3], [154, 286, 3], [161, 270, 3], [167, 257, 3], [176, 208, 3], [180, 254, 3], [188, 211, 3], [193, 200, 3], [201, 263, 3], [223, 245, 3], [226, 248, 3], [249, 267, 3], [271, 289, 3]]",-12934,7.217773438,0.023809524,0.051724138,0.408730159,0.887931034
bpRNA_RFAM_33376,CUUUAGACGACGGUUUGAAGCGGGGAGUGCAGAGAAUAAUAGUAAUCAGCGACUAUAAUCUGGCUUAUCACGGGUUGUGCCGACCUAACUUGCGGUGACGUUAAGUUAGGACAUCGCCGACAUGGCGGGAUUAAGGUUCGAUGAGAUCGGAGCUGACUCAUUGUUGUAGGUAUUCCAAAGUCCUACCUCCCACC,194,l,T,0.5,"[[2, 20, 4], [23, 190, 4], [27, 134, 1], [32, 61, 1], [40, 60, 1], [41, 55, 3], [64, 133, 5], [71, 82, 3], [75, 123, 4], [84, 109, 6], [114, 128, 5], [139, 163, 7], [148, 177, 4], [166, 186, 5]]",-2540,"[[3, 125, 3], [6, 182, 3], [11, 149, 3], [14, 152, 3], [17, 175, 3], [20, 30, 3], [23, 191, 5], [32, 159, 3], [36, 56, 3], [39, 68, 3], [42, 78, 6], [48, 65, 3], [51, 102, 3], [59, 146, 3], [69, 97, 3], [80, 128, 3], [84, 110, 4], [88, 106, 4], [92, 117, 3], [112, 143, 3], [118, 140, 3], [131, 169, 3], [135, 194, 3], [154, 166, 3], [161, 178, 3], [170, 186, 3]]",-4932,4.800130208,0,0,0.570588235,0.91509434
bpRNA_RFAM_34689,GUAACAAAGGGGUAGCGAAUAGAUGGCAAAGGGGUAGGCUAUUACAUAUAGUUUUGUUAACAUCUAUUUGUUCGAGUUACUAAUCAAACAUCUUCAAUAUUUAUUACUUACUUUCCUUUCUAUUUAACCGGCUAGCGACGCUAGUCGGUUUUAU,154,l,T,0.5,"[[2, 77, 2], [4, 73, 2], [13, 71, 4], [17, 60, 3], [20, 53, 2], [28, 119, 7], [39, 51, 1], [40, 48, 1], [127, 149, 9]]",-530,"[[1, 154, 4], [6, 102, 3], [9, 119, 4], [13, 79, 3], [17, 125, 3], [20, 122, 3], [23, 91, 3], [26, 71, 3], [30, 109, 3], [33, 64, 3], [36, 54, 5], [41, 84, 4], [46, 57, 3], [58, 106, 3], [65, 99, 4], [74, 95, 3], [86, 114, 3], [126, 150, 3], [129, 147, 6], [135, 141, 3]]",-2902,3.694986979,0.144927536,0.322580645,0.405797101,0.903225806
bpRNA_RNP_17,AGGGGGCUGGUGACUAUCCACUGGGAGGAAGCUCUGCCCACCCAAUUGUGUAGAUUUCCUGAGAAGGAAUGAAUAGGGUAUAGAAACGACACGGUUCUAAGAAAUAUGACUAUGAUAUUUUCAAAAUUGAGGAUUCUUAGAAAAUCGAUGAAACGACCUUAUUUUACACGGGUGCAAGCAUAUGUGCUAAGCUGAAUGUCACCGAAAUUACAGAAGGCAGGCUAUAGCCCCC,232,l,T,0.5,"[[1, 233, 8], [9, 203, 6], [18, 25, 2], [30, 223, 3], [34, 220, 5], [39, 174, 5], [48, 169, 5], [54, 70, 1], [56, 69, 5], [71, 164, 9], [92, 147, 3], [95, 142, 9], [117, 127, 3], [178, 185, 2]]",-3964,"[[2, 232, 3], [5, 229, 3], [8, 16, 3], [11, 139, 3], [17, 26, 3], [21, 213, 3], [27, 57, 3], [30, 193, 3], [33, 102, 3], [36, 222, 3], [40, 95, 3], [43, 48, 3], [49, 88, 3], [58, 67, 3], [70, 210, 3], [74, 189, 3], [77, 111, 3], [81, 99, 4], [105, 117, 3], [112, 162, 3], [118, 143, 4], [127, 177, 3], [131, 136, 3], [145, 156, 3], [149, 201, 3], [157, 217, 3], [163, 207, 3], [166, 185, 3], [169, 204, 3], [172, 181, 3], [196, 225, 3]]",-7343,5.634114583,0.115789474,0.166666667,0.610526316,0.878787879
bpRNA_RFAM_23429,CGGUUUUCCUAAAUCGUCGUGAGACGGACCUUGGAAAACCUAGUAUUUAAAUAACUAGGU,60,m,T,0.5,"[[2, 40, 8], [15, 26, 4], [27, 61, 5]]",-224,"[[1, 16, 4], [5, 37, 5], [10, 49, 3], [17, 27, 4], [21, 32, 3], [38, 60, 6], [44, 53, 3]]",-578,3,0.178571429,0.294117647,0.553571429,0.911764706
bpRNA_RFAM_5061,AAGUGGUUGGACUCCUUCUAAAAUUAGAGCACAAUUAGUAGAUUAAAUUGGCUUAACCCUACCGCAUGAACCGAACUUGAUAAAAGUGCGGUAGGGGUAAAUUCUCCGCAUUCGGUGCG,119,m,T,0.5,"[[25, 56, 1], [27, 54, 3], [32, 50, 3], [35, 46, 12], [57, 96, 12], [70, 116, 6], [106, 120, 4]]",-1202,"[[1, 17, 3], [5, 58, 6], [12, 29, 3], [18, 38, 3], [24, 41, 3], [32, 50, 4], [43, 69, 3], [59, 94, 7], [70, 116, 6], [77, 83, 3], [85, 103, 3], [95, 106, 3], [107, 119, 3]]",-1590,3,0.38,0.463414634,0.65,0.902777778
bpRNA_RFAM_5066,AAAUGGUUGGACUCUUUUUAGAUUAGAGACAAUUUGAAUAAUUUAAAUUGGCUUAACCCUACUGCAUUAACCGAACUAGACAACAAUGCAGUAGGGGUAAAUUUUCCGCGUUCGGUGCGGAAAAAAAAA,129,m,T,0.5,"[[24, 56, 1], [26, 54, 3], [30, 50, 9], [57, 96, 12], [70, 116, 6], [106, 120, 4]]",-818,"[[2, 112, 3], [6, 84, 4], [12, 28, 3], [15, 128, 3], [18, 41, 3], [23, 56, 3], [30, 50, 3], [33, 47, 6], [51, 98, 3], [58, 95, 9], [67, 79, 3], [70, 116, 4], [102, 125, 4], [106, 120, 4]]",-1791,3,0.472727273,0.742857143,0.590909091,0.928571429
bpRNA_RFAM_6469,GUGGCCGGCAUGGUCCCAGCCUCCUCGCUGGCGCCGGCUGGGCAACAUUCCGAGGGGACCGUCCUCCUCGGUAAUGGCGAAUGGGACCC,89,m,T,0.5,"[[3, 39, 7], [12, 88, 7], [19, 32, 3], [23, 41, 2], [46, 76, 4], [50, 71, 7], [58, 62, 1]]",-806,"[[1, 11, 3], [4, 38, 5], [12, 88, 3], [15, 42, 4], [19, 78, 3], [23, 85, 3], [26, 33, 4], [47, 75, 3], [50, 71, 7], [57, 63, 3]]",-1139,3,0.5,0.612903226,0.789473684,0.967741935
bpRNA_RFAM_7556,AGUAGUAUUCCGCAGCGUAUCCAUAACGGGCUUUGCUGCGGCUAAUUCUUUUAUAGAAACACUUAGGAGUGAAUAAUGGCCCGUAUAGCAGGCAUUAACAUUCCUGA,107,m,T,0.5,"[[4, 49, 6], [10, 41, 4], [21, 92, 3], [27, 83, 4], [35, 107, 3]]",-253,"[[1, 102, 3], [4, 9, 3], [10, 41, 3], [13, 38, 5], [18, 75, 3], [23, 54, 4], [28, 33, 3], [42, 66, 4], [46, 58, 4], [60, 71, 3], [76, 84, 4], [86, 97, 3], [89, 106, 4]]",-1599,3,0.086956522,0.2,0.380434783,0.875
bpRNA_RFAM_23352,AGUGUUUUUUUCCCUCCACUUAAAUCGAAGGG,32,s,T,0.5,"[[2, 19, 3], [11, 33, 5], [16, 27, 1]]",-43,"[[1, 20, 4], [5, 29, 3], [8, 24, 3], [14, 32, 3]]",-84,3,0.230769231,0.333333333,0.538461538,0.777777778
bpRNA_RFAM_23366,GGGAAAUGGACUGAGCGGCGCCGACCGCCAAACAACCGG,39,s,T,0.5,"[[14, 29, 5], [21, 39, 3]]",-45,"[[7, 13, 3], [16, 23, 4], [25, 39, 3]]",-98,3,0,0,0.6,0.75
bpRNA_RFAM_23381,UUUAAAUGGGCAAGCGGCACCGUCCGCCAAAACAAACG,38,s,T,0.5,"[[14, 27, 4], [20, 39, 4]]",-48,"[[1, 6, 3], [7, 29, 3], [15, 26, 3], [21, 38, 3]]",-110,3,0.5,0.75,0.541666667,0.8125
bpRNA_RFAM_23457,UUUCAGGACAUACUGAAGAGGAUGUCAAGAAUGCAAUUGGGGUCCUC,47,s,T,0.5,"[[2, 41, 5], [18, 47, 6]]",-90,"[[1, 18, 6], [7, 26, 5], [30, 38, 3], [39, 46, 4]]",-280,3,0,0,0.5,0.818181818
bpRNA_RFAM_23495,CGAAUCUCAAGCAAUCAAGCAUUCUACUUCUAUUGC,36,s,T,0.5,"[[2, 24, 4], [6, 19, 2], [11, 36, 5]]",-81,"[[2, 24, 4], [11, 36, 5], [17, 29, 3]]",-107,3,0.75,0.818181818,0.833333333,0.909090909
bpRNA_RFAM_2112,GUGCCGUAAACUAAUGAGUAAGGAAAAUAAACGAACCCUGGUGACGCGGGGUUUAAAGGGUAUUUCCCUUGCGUGAUUUUUGAGGGGCACAGGUCGCUAUUGGCUGUGGAAGCUUACUUUGCUUUCCGCAGUUGAAGUGGGAUCUUCCC,149,l,F,-0.5,"[[4, 23, 5], [33, 54, 8], [55, 71, 5], [84, 150, 5], [91, 145, 7], [101, 134, 2], [104, 131, 5], [109, 125, 5]]",-1682,"[[1, 72, 3], [5, 16, 3], [10, 19, 3], [22, 148, 3], [25, 65, 5], [30, 133, 3], [35, 52, 6], [42, 55, 3], [58, 68, 3], [73, 90, 3], [77, 86, 5], [91, 145, 5], [97, 140, 3], [101, 121, 3], [105, 130, 5], [110, 115, 3], [122, 137, 4]]",-2045,3.868164063,0.26984127,0.404761905,0.555555556,0.833333333
bpRNA_RFAM_5435,AAUAAUCUUCAGGGCAGGGCGAAAUUCCCUACCGGCGGUAACUGCUUAUAGCAGAAGCCCGCGAGCGCUUUCUAAUAAAAAUAGAAAGGUCAAGCAGAUUUGGUGUAAUUCCAAAGCCGACAGUUAAAGUCUGGAUGAAAGAAGAUUGA,149,l,F,-0.5,"[[3, 148, 8], [17, 29, 3], [35, 62, 4], [99, 115, 5], [121, 133, 3]]",-454,"[[4, 147, 4], [8, 139, 3], [12, 29, 3], [15, 133, 3], [18, 118, 3], [24, 136, 3], [30, 40, 4], [34, 59, 3], [42, 54, 5], [47, 77, 3], [60, 67, 3], [68, 88, 3], [71, 85, 4], [89, 121, 3], [94, 106, 3], [97, 110, 3], [100, 114, 3], [123, 130, 3]]",-2660,3,0.118644068,0.304347826,0.313559322,0.804347826
bpRNA_RFAM_721,GACUCUCGGCAACGGAUAUCUCGGCUCUCGCAUCGAUGAAGAACGUAGCGAAAUGCGAUACUUGGUGUGAAUUGCAGAAUCCCGUGAACCAUCGAGUCUUUGAACGCAAGUUGCGCCCGAAGCCACUAGGGCACGUCUGCCUGGGCGUC,149,l,F,-0.5,"[[40, 102, 4], [44, 57, 4], [65, 92, 3], [72, 79, 2], [106, 114, 3], [116, 132, 6]]",-442,"[[1, 149, 3], [4, 130, 3], [7, 143, 3], [12, 136, 3], [15, 20, 3], [21, 103, 3], [24, 123, 3], [28, 120, 3], [31, 38, 4], [39, 100, 3], [45, 56, 3], [49, 94, 3], [57, 81, 3], [60, 97, 3], [63, 91, 3], [66, 86, 4], [72, 77, 3], [106, 114, 3], [109, 127, 3], [115, 146, 3], [131, 140, 3]]",-2969,3,0.092307692,0.272727273,0.307692308,0.909090909
bpRNA_RFAM_839,ACCUGGCCGGGGGAAGUCGGUGAUCAAGACGGCCGAGUCCCUAGUUGGGGAACCUCUCCUGCACUUGAGAGGGGCUCCUUCUAUGAUUGCCUUCGGGUAACUCAACGGCAUAAUUUGUGAUAGCGUGGGGUGCGCUUGUCGCGCCCUGC,149,l,F,-0.5,"[[6, 109, 4], [10, 42, 6], [17, 36, 5], [43, 82, 3], [52, 74, 3], [56, 69, 2], [84, 104, 3], [88, 99, 2], [90, 96, 2], [125, 149, 10]]",-1184,"[[2, 129, 3], [6, 21, 3], [9, 146, 3], [12, 78, 3], [16, 24, 3], [25, 47, 3], [28, 140, 4], [32, 75, 3], [35, 66, 4], [39, 50, 3], [42, 61, 3], [53, 72, 6], [81, 123, 3], [84, 104, 3], [87, 100, 3], [91, 97, 3], [105, 126, 3], [109, 119, 5], [130, 135, 3], [141, 149, 3]]",-3052,3.612955729,0.104477612,0.175,0.559701493,0.9375
bpRNA_RFAM_9907,CCUCCAUUUCUUGGCGGAGGCCGGGUGCUUAGUCCUGGCCCCCGUUAUGUACGGAGGCAGAACAAGGGGACCCUGGGUCCCCCCGGCGUCAUGUCUUCGGUGCCGGCGGUUCCCCAUCCGCCGGUUCUAUCCUCAAUCGCCGGGACACC,149,l,F,-0.5,"[[2, 56, 4], [15, 44, 6], [22, 37, 4], [84, 142, 6], [103, 124, 7]]",-709,"[[1, 20, 4], [6, 137, 3], [9, 145, 5], [14, 140, 3], [22, 44, 4], [26, 59, 3], [29, 38, 4], [48, 53, 3], [54, 134, 3], [61, 126, 3], [64, 97, 4], [68, 80, 6], [85, 90, 3], [91, 117, 3], [99, 131, 4], [104, 123, 3], [107, 120, 3]]",-2782,3.476236979,0.098360656,0.222222222,0.393442623,0.888888889
bpRNA_CRW_15563,UCAUCUGGUGAUGAUGCUCUUUAGGGUAACACCCGUUUUCCAUUCCGAACACGAAGGUUAAGCCUAUUGAGGCCGAUGGUACUGCAC,87,m,F,-0.5,"[[17, 71, 2], [20, 68, 6], [30, 59, 3], [33, 54, 4]]",-196,"[[1, 11, 5], [12, 23, 3], [15, 86, 3], [18, 72, 3], [24, 34, 4], [28, 37, 3], [38, 55, 3], [43, 49, 3], [56, 64, 4], [66, 77, 4], [78, 83, 3]]",-1242,3,0,0,0.355263158,0.9
bpRNA_CRW_15984,AAGCUCCUUAGCGCUGAUGGUAGCCGACUUACGUUCCGCAAGAGUAGGACGUUGCCAGGC,60,m,F,-0.5,"[[14, 48, 7], [23, 39, 4], [27, 34, 2]]",-135,"[[2, 53, 3], [5, 49, 4], [9, 16, 4], [18, 26, 4], [28, 42, 3], [33, 45, 3], [54, 60, 3]]",-458,3,0,0,0.416666667,0.769230769
bpRNA_CRW_16038,UUUUUGCCUGGUGGCCAUAGCGAGUAGGCCCCACCCGAUCCCAUUCCGAACUCGGAAGUGAAACUGCUCAGCGCCGAUGAUAGU,84,m,F,-0.5,"[[20, 72, 2], [22, 69, 6], [32, 60, 3], [35, 55, 4]]",-196,"[[1, 63, 3], [4, 23, 4], [8, 83, 3], [11, 18, 4], [24, 67, 3], [27, 75, 3], [32, 60, 3], [37, 45, 3], [46, 55, 4], [68, 80, 3]]",-843,3,0.181818182,0.4,0.378787879,0.833333333
bpRNA_CRW_16424,CCUGAUGACCAUAGCGAGUCGGUCCCACCCCUUCCCAUCCCGAACAGGACCGUGAAACGACUCUACGCCGAUGAUAGUGCGGAUUCCCGUGUGAAAG,97,m,F,-0.5,"[[14, 66, 2], [16, 63, 6], [26, 54, 3], [29, 49, 4], [72, 97, 3], [77, 92, 6]]",-538,"[[2, 77, 3], [5, 12, 3], [14, 68, 3], [17, 62, 5], [22, 72, 3], [26, 54, 3], [32, 44, 3], [38, 49, 3], [78, 91, 5], [84, 95, 3]]",-938,3,0.382352941,0.541666667,0.544117647,0.770833333
bpRNA_CRW_8500,ACGGCGGCCAUAGCGGGGGGGUUACACCCGGUCUCAUUUCGAACCCGGAAGUUAAGCCCCCCAGCGAUCCCGGUUGUACUGCCCUCCGAGAGGGGGCGGGAAGCCGGGGACGCCGCCGGCCA,122,m,F,-0.5,"[[3, 117, 6], [13, 65, 2], [15, 62, 6], [25, 53, 3], [28, 48, 4], [67, 110, 7], [77, 101, 8], [86, 93, 2]]",-1322,"[[3, 117, 4], [7, 97, 3], [13, 113, 3], [16, 62, 5], [21, 57, 3], [26, 32, 3], [33, 90, 3], [37, 50, 5], [42, 53, 3], [64, 77, 3], [68, 110, 3], [71, 81, 4], [82, 100, 3], [85, 94, 3], [103, 120, 3]]",-1844,3,0.117647059,0.157894737,0.676470588,0.907894737
bpRNA_CRW_32863,GCGGGUAUAGUUUAGUGGUAAAA,23,s,F,-0.5,"[[11, 23, 3]]",-9,"[[6, 20, 3], [10, 16, 3]]",-34,3,0,0,0.166666667,0.333333333
bpRNA_PDB_368,GGCGUCACACCUUCGGGUGAAGUCGC,26,s,F,-0.5,"[[1, 25, 2], [4, 22, 1], [6, 19, 5]]",-39,"[[1, 24, 3], [5, 20, 3], [11, 17, 3]]",-69,3,0.222222222,0.25,0.611111111,0.6875
bpRNA_PDB_389,GCUGAGCUCGAAAGAGCAAUGAUGU,25,s,F,-0.5,"[[1, 23, 3], [4, 17, 4]]",-48,"[[1, 17, 3], [4, 9, 3], [19, 25, 3]]",-78,3,0,0,0.666666667,0.857142857
bpRNA_RFAM_25456,GGCGACUGGUGAGUACGC,18,s,F,-0.5,"[[2, 18, 3], [5, 14, 3]]",-36,"[[2, 18, 3], [5, 14, 3]]",-36,3,1,1,1,1
bpRNA_SRP_2,GCCGCGAACCCCGCCAGGCCCGGAAGGGAGCAACGGUAGUGGUGGA,46,s,F,-0.5,"[[1, 43, 5], [11, 36, 3], [19, 28, 3]]",-113,"[[1, 43, 5], [10, 28, 3], [13, 19, 3], [20, 36, 3]]",-141,3,0.357142857,0.454545455,0.785714286,1
bpRNA_RFAM_14667,CUGACUAUGUGAUCUUAUUAAAAUUAGGUUAAAUUUCGAGGUUAAAAAUAGUUUUAAUAUUGCUAUAGUCUUAGAGGUCUUGUAUAUUUAUACUUACCACACAAGAUGGACCGGAGCAGCCCUCCAAUAUCUAGUGUACCCUCGUGCUCGCUCAAACAUUAAGUGGUGUUGUGCGAAAAGAAUCUCACUUCAAGAAAAAGA,201,l,T,-0.5,"[[2, 71, 8], [16, 59, 9], [38, 144, 4], [42, 139, 1], [76, 112, 4], [82, 93, 4], [99, 137, 4], [104, 132, 5], [113, 125, 4], [148, 176, 5], [156, 169, 4], [161, 190, 5]]",-2488,"[[2, 38, 3], [5, 68, 4], [9, 18, 3], [13, 201, 3], [19, 31, 3], [22, 35, 4], [26, 80, 3], [39, 123, 3], [42, 51, 3], [45, 55, 4], [56, 61, 3], [62, 120, 3], [69, 195, 4], [74, 143, 4], [81, 86, 3], [87, 198, 3], [90, 130, 3], [93, 105, 3], [97, 109, 3], [110, 167, 3], [114, 149, 3], [133, 160, 3], [137, 146, 3], [150, 164, 3], [155, 170, 3], [171, 188, 3], [175, 191, 3], [179, 185, 3]]",-4863,4.841145833,0.06741573,0.105263158,0.573033708,0.894736842
bpRNA_RFAM_2340,AGCGAAAGGAAGCUCACUGUAGAGGUCACUUACUGAGUGCUCGUCACUCGCCAACACCUCGGGGAAGGUCUGAGACAGGAGCUCCUCGCUGACCUAGCAGGACAUCAUCUGAAUGAUGAGCGAGUGCACAGAAAAUCGGGUCACGCGCGCGACUCUCGCAGCAGACGUUGAUGCUCGCACACAUUCAGCGGAUCAACUGAAUGACGCGCGCAGACUUGGAAACACUCGCGGCUGGCGAAUGAGUGCGAUGUGUGAGCUAGCAUAACAUGCUAGAACCCAAUUCAGACUACUCUCCCUCCGC,301,l,T,-0.5,"[[2, 301, 3], [8, 295, 3], [13, 256, 7], [21, 61, 5], [35, 49, 5], [70, 285, 5], [80, 233, 4], [90, 104, 5], [107, 119, 4], [120, 229, 7], [140, 215, 3], [257, 273, 7]]",-3177,"[[2, 301, 3], [7, 297, 3], [10, 31, 3], [13, 256, 4], [17, 22, 3], [23, 59, 3], [26, 242, 3], [32, 38, 3], [41, 248, 3], [45, 245, 3], [48, 238, 5], [60, 88, 3], [63, 71, 3], [66, 95, 3], [72, 227, 3], [79, 84, 3], [90, 187, 3], [96, 233, 3], [100, 110, 3], [105, 119, 3], [114, 195, 3], [120, 127, 3], [129, 199, 3], [135, 172, 4], [139, 216, 4], [143, 168, 3], [146, 230, 3], [149, 159, 3], [154, 165, 3], [160, 175, 3], [176, 190, 3], [182, 203, 3], [205, 210, 3], [217, 289, 3], [222, 251, 3], [258, 272, 6], [273, 283, 3], [284, 293, 3]]",-11910,7.217773438,0.155737705,0.327586207,0.43852459,0.922413793
bpRNA_RFAM_33376,CUUUAGACGACGGUUUGAAGCGGGGAGUGCAGAGAAUAAUAGUAAUCAGCGACUAUAAUCUGGCUUAUCACGGGUUGUGCCGACCUAACUUGCGGUGACGUUAAGUUAGGACAUCGCCGACAUGGCGGGAUUAAGGUUCGAUGAGAUCGGAGCUGACUCAUUGUUGUAGGUAUUCCAAAGUCCUACCUCCCACC,194,l,T,-0.5,"[[2, 20, 4], [23, 190, 4], [27, 134, 1], [32, 61, 1], [40, 60, 1], [41, 55, 3], [64, 133, 5], [71, 82, 3], [75, 123, 4], [84, 109, 6], [114, 128, 5], [139, 163, 7], [148, 177, 4], [166, 186, 5]]",-2380,"[[2, 7, 3], [8, 17, 3], [12, 194, 3], [20, 30, 3], [23, 176, 3], [32, 189, 3], [36, 173, 3], [39, 164, 5], [46, 125, 3], [52, 181, 3], [55, 68, 4], [59, 136, 3], [62, 81, 3], [70, 78, 3], [73, 85, 3], [86, 108, 6], [93, 119, 6], [100, 112, 3], [120, 167, 3], [127, 159, 3], [130, 142, 3], [137, 152, 3], [147, 156, 3], [168, 184, 3]]",-4336,4.800130208,0.037037037,0.056603774,0.561728395,0.858490566
bpRNA_RFAM_34689,GUAACAAAGGGGUAGCGAAUAGAUGGCAAAGGGGUAGGCUAUUACAUAUAGUUUUGUUAACAUCUAUUUGUUCGAGUUACUAAUCAAACAUCUUCAAUAUUUAUUACUUACUUUCCUUUCUAUUUAACCGGCUAGCGACGCUAGUCGGUUUUAU,154,l,T,-0.5,"[[2, 77, 2], [4, 73, 2], [13, 71, 4], [17, 60, 3], [20, 53, 2], [28, 119, 7], [39, 51, 1], [40, 48, 1], [127, 149, 9]]",-348,"[[1, 154, 4], [6, 125, 3], [9, 114, 7], [16, 70, 5], [21, 65, 5], [26, 57, 3], [29, 54, 3], [32, 93, 3], [35, 44, 3], [39, 51, 3], [71, 76, 3], [77, 83, 3], [86, 119, 3], [96, 105, 4], [126, 150, 4], [130, 146, 8]]",-2775,3.694986979,0.15625,0.322580645,0.4296875,0.887096774
bpRNA_RNP_17,AGGGGGCUGGUGACUAUCCACUGGGAGGAAGCUCUGCCCACCCAAUUGUGUAGAUUUCCUGAGAAGGAAUGAAUAGGGUAUAGAAACGACACGGUUCUAAGAAAUAUGACUAUGAUAUUUUCAAAAUUGAGGAUUCUUAGAAAAUCGAUGAAACGACCUUAUUUUACACGGGUGCAAGCAUAUGUGCUAAGCUGAAUGUCACCGAAAUUACAGAAGGCAGGCUAUAGCCCCC,232,l,T,-0.5,"[[1, 233, 8], [9, 203, 6], [18, 25, 2], [30, 223, 3], [34, 220, 5], [39, 174, 5], [48, 169, 5], [54, 70, 1], [56, 69, 5], [71, 164, 9], [92, 147, 3], [95, 142, 9], [117, 127, 3], [178, 185, 2]]",-3868,"[[3, 232, 3], [6, 32, 3], [10, 21, 3], [14, 53, 3], [22, 44, 3], [26, 35, 3], [36, 218, 3], [39, 50, 3], [45, 79, 3], [54, 74, 3], [57, 68, 4], [69, 225, 3], [81, 166, 4], [87, 129, 3], [92, 204, 3], [95, 142, 3], [98, 139, 3], [101, 136, 3], [104, 162, 3], [107, 123, 3], [111, 117, 3], [118, 126, 3], [145, 156, 3], [149, 201, 3], [157, 172, 3], [167, 186, 3], [173, 180, 3], [181, 198, 3], [188, 210, 3], [192, 213, 3], [220, 229, 3]]",-6905,5.634114583,0.189473684,0.272727273,0.636842105,0.916666667
bpRNA_RFAM_23429,CGGUUUUCCUAAAUCGUCGUGAGACGGACCUUGGAAAACCUAGUAUUUAAAUAACUAGGU,60,m,T,-0.5,"[[2, 40, 8], [15, 26, 4], [27, 61, 5]]",-144,"[[2, 30, 3], [5, 37, 3], [9, 34, 4], [14, 27, 3], [17, 22, 3], [38, 60, 6], [44, 53, 5]]",-537,3,0.185185185,0.294117647,0.555555556,0.882352941
bpRNA_RFAM_5061,AAGUGGUUGGACUCCUUCUAAAAUUAGAGCACAAUUAGUAGAUUAAAUUGGCUUAACCCUACCGCAUGAACCGAACUUGAUAAAAGUGCGGUAGGGGUAAAUUCUCCGCAUUCGGUGCG,119,m,T,-0.5,"[[25, 56, 1], [27, 54, 3], [32, 50, 3], [35, 46, 12], [57, 96, 12], [70, 116, 6], [106, 120, 4]]",-1010,"[[1, 54, 4], [5, 58, 4], [9, 15, 3], [16, 29, 5], [22, 103, 3], [32, 50, 5], [37, 44, 3], [59, 94, 3], [62, 91, 6], [72, 79, 3], [95, 106, 3], [107, 119, 3], [110, 116, 3]]",-1405,3,0.375,0.43902439,0.625,0.821917808
bpRNA_RFAM_5066,AAAUGGUUGGACUCUUUUUAGAUUAGAGACAAUUUGAAUAAUUUAAAUUGGCUUAACCCUACUGCAUUAACCGAACUAGACAACAAUGCAGUAGGGGUAAAUUUUCCGCGUUCGGUGCGGAAAAAAAAA,129,m,T,-0.5,"[[24, 56, 1], [26, 54, 3], [30, 50, 9], [57, 96, 12], [70, 116, 6], [106, 120, 4]]",-626,"[[8, 108, 3], [13, 95, 3], [16, 80, 3], [19, 36, 6], [25, 44, 3], [39, 55, 3], [47, 87, 3], [61, 92, 4], [66, 98, 3], [103, 128, 3], [111, 122, 3]]",-189,3,0.108108108,0.114285714,0.567567568,0.6
bpRNA_RFAM_6469,GUGGCCGGCAUGGUCCCAGCCUCCUCGCUGGCGCCGGCUGGGCAACAUUCCGAGGGGACCGUCCUCCUCGGUAAUGGCGAAUGGGACCC,89,m,T,-0.5,"[[3, 39, 7], [12, 88, 7], [19, 32, 3], [23, 41, 2], [46, 76, 4], [50, 71, 7], [58, 62, 1]]",-668,"[[2, 7, 3], [12, 88, 7], [19, 43, 4], [25, 80, 3], [28, 37, 5], [46, 76, 4], [50, 71, 4], [54, 66, 3], [57, 63, 3]]",-1102,3,0.444444444,0.516129032,0.763888889,0.887096774
bpRNA_RFAM_7556,AGUAGUAUUCCGCAGCGUAUCCAUAACGGGCUUUGCUGCGGCUAAUUCUUUUAUAGAAACACUUAGGAGUGAAUAAUGGCCCGUAUAGCAGGCAUUAACAUUCCUGA,107,m,T,-0.5,"[[4, 49, 6], [10, 41, 4], [21, 92, 3], [27, 83, 4], [35, 107, 3]]",-11,"[[1, 9, 3], [4, 102, 3], [11, 17, 3], [18, 25, 3], [26, 84, 3], [29, 81, 3], [32, 73, 4], [36, 41, 3], [42, 66, 4], [46, 69, 3], [49, 58, 5], [74, 97, 5], [89, 106, 4]]",-1472,3,0.086956522,0.2,0.391304348,0.9
bpRNA_RFAM_23352,AGUGUUUUUUUCCCUCCACUUAAAUCGAAGGG,32,s,T,-0.5,"[[2, 19, 3], [11, 33, 5], [16, 27, 1]]",-7,"[[1, 6, 3], [7, 32, 6]]",-72,3,0,0,0.555555556,0.555555556
bpRNA_RFAM_23366,GGGAAAUGGACUGAGCGGCGCCGACCGCCAAACAACCGG,39,s,T,-0.5,"[[14, 29, 5], [21, 39, 3]]",-15,"[[7, 13, 3], [16, 23, 4], [25, 39, 3]]",-98,3,0,0,0.6,0.75
bpRNA_RFAM_23381,UUUAAAUGGGCAAGCGGCACCGUCCGCCAAAACAAACG,38,s,T,-0.5,"[[14, 27, 4], [20, 39, 4]]",-16,"[[1, 31, 3], [7, 26, 4], [15, 22, 3]]",-91,3,0,0,0.5,0.625
bpRNA_RFAM_23457,UUUCAGGACAUACUGAAGAGGAUGUCAAGAAUGCAAUUGGGGUCCUC,47,s,T,-0.5,"[[2, 41, 5], [18, 47, 6]]",-30,"[[1, 29, 3], [4, 15, 3], [7, 26, 5], [30, 38, 3], [39, 47, 4]]",-247,3,0,0,0.472222222,0.772727273
bpRNA_RFAM_23495,CGAAUCUCAAGCAAUCAAGCAUUCUACUUCUAUUGC,36,s,T,-0.5,"[[2, 24, 4], [6, 19, 2], [11, 36, 5]]",-21,"[[1, 35, 3], [9, 29, 3], [13, 23, 3]]",-69,3,0,0,0.666666667,0.545454545
bpRNA_RFAM_2112,GUGCCGUAAACUAAUGAGUAAGGAAAAUAAACGAACCCUGGUGACGCGGGGUUUAAAGGGUAUUUCCCUUGCGUGAUUUUUGAGGGGCACAGGUCGCUAUUGGCUGUGGAAGCUUACUUUGCUUUCCGCAGUUGAAGUGGGAUCUUCCC,149,l,F,0,"[[4, 23, 5], [33, 54, 8], [55, 71, 5], [84, 150, 5], [91, 145, 7], [101, 134, 2], [104, 131, 5], [109, 125, 5]]",-1682,"[[1, 90, 4], [5, 16, 3], [10, 19, 3], [22, 66, 4], [26, 78, 3], [33, 54, 7], [41, 47, 3], [55, 81, 3], [58, 69, 3], [70, 75, 3], [82, 147, 5], [91, 115, 4], [97, 140, 5], [103, 132, 3], [106, 129, 6], [119, 135, 3]]",-2174,3.868164063,0.193548387,0.285714286,0.564516129,0.833333333
bpRNA_RFAM_5435,AAUAAUCUUCAGGGCAGGGCGAAAUUCCCUACCGGCGGUAACUGCUUAUAGCAGAAGCCCGCGAGCGCUUUCUAAUAAAAAUAGAAAGGUCAAGCAGAUUUGGUGUAAUUCCAAAGCCGACAGUUAAAGUCUGGAUGAAAGAAGAUUGA,149,l,F,0,"[[3, 148, 8], [17, 29, 3], [35, 62, 4], [99, 115, 5], [121, 133, 3]]",-454,"[[1, 147, 3], [6, 142, 3], [9, 138, 3], [13, 59, 3], [18, 125, 3], [21, 27, 3], [28, 89, 3], [31, 39, 3], [34, 118, 3], [42, 54, 4], [46, 78, 4], [60, 67, 3], [69, 81, 3], [72, 84, 3], [90, 103, 4], [94, 106, 3], [97, 110, 3], [111, 134, 3], [119, 131, 3]]",-2820,3,0,0,0.308333333,0.804347826
bpRNA_RFAM_721,GACUCUCGGCAACGGAUAUCUCGGCUCUCGCAUCGAUGAAGAACGUAGCGAAAUGCGAUACUUGGUGUGAAUUGCAGAAUCCCGUGAACCAUCGAGUCUUUGAACGCAAGUUGCGCCCGAAGCCACUAGGGCACGUCUGCCUGGGCGUC,149,l,F,0,"[[40, 102, 4], [44, 57, 4], [65, 92, 3], [72, 79, 2], [106, 114, 3], [116, 132, 6]]",-442,"[[1, 112, 4], [6, 24, 3], [9, 140, 3], [14, 82, 4], [19, 42, 3], [26, 78, 3], [29, 50, 3], [33, 39, 3], [45, 56, 3], [57, 93, 3], [60, 97, 4], [64, 90, 3], [67, 75, 4], [84, 126, 3], [98, 122, 5], [105, 115, 3], [127, 143, 3], [130, 137, 3], [144, 149, 3]]",-2881,3,0.079365079,0.227272727,0.30952381,0.886363636
bpRNA_RFAM_839,ACCUGGCCGGGGGAAGUCGGUGAUCAAGACGGCCGAGUCCCUAGUUGGGGAACCUCUCCUGCACUUGAGAGGGGCUCCUUCUAUGAUUGCCUUCGGGUAACUCAACGGCAUAAUUUGUGAUAGCGUGGGGUGCGCUUGUCGCGCCCUGC,149,l,F,0,"[[6, 109, 4], [10, 42, 6], [17, 36, 5], [43, 82, 3], [52, 74, 3], [56, 69, 2], [84, 104, 3], [88, 99, 2], [90, 96, 2], [125, 149, 10]]",-1184,"[[3, 10, 4], [11, 146, 3], [14, 137, 4], [18, 35, 4], [22, 140, 3], [26, 93, 3], [36, 46, 3], [39, 49, 3], [50, 81, 3], [53, 130, 3], [57, 73, 4], [61, 133, 3], [64, 69, 3], [74, 124, 3], [82, 112, 4], [88, 127, 3], [95, 103, 4], [105, 118, 3], [113, 121, 3], [141, 149, 3]]",-3070,3.612955729,0.060606061,0.1,0.553030303,0.9125
bpRNA_RFAM_9907,CCUCCAUUUCUUGGCGGAGGCCGGGUGCUUAGUCCUGGCCCCCGUUAUGUACGGAGGCAGAACAAGGGGACCCUGGGUCCCCCCGGCGUCAUGUCUUCGGUGCCGGCGGUUCCCCAUCCGCCGGUUCUAUCCUCAAUCGCCGGGACACC,149,l,F,0,"[[2, 56, 4], [15, 44, 6], [22, 37, 4], [84, 142, 6], [103, 124, 7]]",-709,"[[3, 145, 3], [6, 137, 3], [9, 18, 3], [13, 122, 3], [19, 141, 3], [24, 149, 3], [27, 58, 3], [30, 47, 3], [33, 55, 3], [36, 44, 3], [48, 64, 3], [59, 96, 3], [65, 128, 3], [68, 113, 3], [73, 86, 4], [77, 101, 3], [87, 93, 3], [102, 107, 3], [108, 118, 3], [123, 131, 3]]",-2682,3.476236979,0,0,0.368852459,0.833333333
bpRNA_CRW_15563,UCAUCUGGUGAUGAUGCUCUUUAGGGUAACACCCGUUUUCCAUUCCGAACACGAAGGUUAAGCCUAUUGAGGCCGAUGGUACUGCAC,87,m,F,0,"[[17, 71, 2], [20, 68, 6], [30, 59, 3], [33, 54, 4]]",-196,"[[1, 14, 5], [7, 83, 3], [15, 86, 3], [19, 26, 4], [27, 60, 4], [31, 80, 3], [34, 53, 3], [37, 56, 3], [43, 49, 3], [62, 73, 4], [67, 76, 3]]",-1254,3,0.078947368,0.2,0.368421053,0.933333333
bpRNA_CRW_15984,AAGCUCCUUAGCGCUGAUGGUAGCCGACUUACGUUCCGCAAGAGUAGGACGUUGCCAGGC,60,m,F,0,"[[14, 48, 7], [23, 39, 4], [27, 34, 2]]",-135,"[[2, 53, 3], [5, 49, 4], [9, 16, 4], [18, 26, 3], [21, 31, 3], [33, 45, 4], [54, 60, 3]]",-467,3,0,0,0.416666667,0.769230769
bpRNA_CRW_16038,UUUUUGCCUGGUGGCCAUAGCGAGUAGGCCCCACCCGAUCCCAUUCCGAACUCGGAAGUGAAACUGCUCAGCGCCGAUGAUAGU,84,m,F,0,"[[20, 72, 2], [22, 69, 6], [32, 60, 3], [35, 55, 4]]",-196,"[[1, 63, 3], [4, 23, 4], [8, 83, 3], [11, 18, 4], [24, 67, 3], [27, 75, 3], [32, 60, 3], [37, 45, 3], [46, 55, 4], [68, 80, 3]]",-900,3,0.181818182,0.4,0.378787879,0.833333333
bpRNA_CRW_16424,CCUGAUGACCAUAGCGAGUCGGUCCCACCCCUUCCCAUCCCGAACAGGACCGUGAAACGACUCUACGCCGAUGAUAGUGCGGAUUCCCGUGUGAAAG,97,m,F,0,"[[14, 66, 2], [16, 63, 6], [26, 54, 3], [29, 49, 4], [72, 97, 3], [77, 92, 6]]",-538,"[[2, 22, 3], [5, 12, 3], [14, 68, 3], [17, 62, 3], [23, 49, 3], [26, 79, 3], [32, 44, 3], [36, 73, 4], [51, 59, 3], [74, 92, 3], [80, 89, 3], [84, 95, 3]]",-1026,3,0.162162162,0.25,0.527027027,0.8125
bpRNA_CRW_8500,ACGGCGGCCAUAGCGGGGGGGUUACACCCGGUCUCAUUUCGAACCCGGAAGUUAAGCCCCCCAGCGAUCCCGGUUGUACUGCCCUCCGAGAGGGGGCGGGAAGCCGGGGACGCCGCCGGCCA,122,m,F,0,"[[3, 117, 6], [13, 65, 2], [15, 62, 6], [25, 53, 3], [28, 48, 4], [67, 110, 7], [77, 101, 8], [86, 93, 2]]",-1322,"[[2, 106, 3], [6, 121, 4], [10, 77, 3], [13, 116, 3], [16, 62, 3], [19, 59, 3], [22, 55, 3], [26, 32, 3], [33, 90, 3], [36, 52, 3], [39, 48, 3], [64, 113, 3], [68, 101, 4], [72, 80, 3], [81, 97, 4], [85, 109, 3]]",-1868,3,0.078431373,0.105263158,0.656862745,0.881578947
bpRNA_CRW_32863,GCGGGUAUAGUUUAGUGGUAAAA,23,s,F,0,"[[11, 23, 3]]",-9,"[[6, 20, 3], [10, 16, 3]]",-34,3,0,0,0.166666667,0.333333333
bpRNA_PDB_368,GGCGUCACACCUUCGGGUGAAGUCGC,26,s,F,0,"[[1, 25, 2], [4, 22, 1], [6, 19, 5]]",-39,"[[1, 6, 3], [8, 19, 3], [11, 22, 3], [14, 25, 3]]",-74,3,0,0,0.625,0.9375
bpRNA_PDB_389,GCUGAGCUCGAAAGAGCAAUGAUGU,25,s,F,0,"[[1, 23, 3], [4, 17, 4]]",-48,"[[1, 17, 3], [4, 9, 3], [19, 25, 3]]",-78,3,0,0,0.666666667,0.857142857
bpRNA_RFAM_25456,GGCGACUGGUGAGUACGC,18,s,F,0,"[[2, 18, 3], [5, 14, 3]]",-36,"[[2, 18, 3], [5, 10, 3]]",-36,3,0.5,0.5,0.75,0.75
bpRNA_SRP_2,GCCGCGAACCCCGCCAGGCCCGGAAGGGAGCAACGGUAGUGGUGGA,46,s,F,0,"[[1, 43, 5], [11, 36, 3], [19, 28, 3]]",-113,"[[1, 43, 5], [10, 28, 3], [13, 19, 3], [20, 36, 3]]",-150,3,0.357142857,0.454545455,0.785714286,1
bpRNA_RFAM_14667,CUGACUAUGUGAUCUUAUUAAAAUUAGGUUAAAUUUCGAGGUUAAAAAUAGUUUUAAUAUUGCUAUAGUCUUAGAGGUCUUGUAUAUUUAUACUUACCACACAAGAUGGACCGGAGCAGCCCUCCAAUAUCUAGUGUACCCUCGUGCUCGCUCAAACAUUAAGUGGUGUUGUGCGAAAAGAAUCUCACUUCAAGAAAAAGA,201,l,T,0,"[[2, 71, 8], [16, 59, 9], [38, 144, 4], [42, 139, 1], [76, 112, 4], [82, 93, 4], [99, 137, 4], [104, 132, 5], [113, 125, 4], [148, 176, 5], [156, 169, 4], [161, 190, 5]]",-2654,"[[2, 154, 3], [5, 68, 4], [10, 187, 3], [13, 201, 4], [18, 57, 6], [24, 32, 3], [27, 184, 3], [34, 48, 3], [38, 143, 4], [42, 51, 3], [58, 129, 4], [62, 120, 3], [69, 106, 3], [72, 96, 3], [75, 80, 3], [81, 86, 3], [87, 197, 3], [91, 173, 3], [97, 109, 3], [100, 136, 3], [113, 125, 4], [130, 181, 3], [137, 146, 3], [148, 176, 3], [155, 170, 6], [188, 194, 3]]",-5480,4.841145833,0.269662921,0.421052632,0.578651685,0.903508772
bpRNA_RFAM_2340,AGCGAAAGGAAGCUCACUGUAGAGGUCACUUACUGAGUGCUCGUCACUCGCCAACACCUCGGGGAAGGUCUGAGACAGGAGCUCCUCGCUGACCUAGCAGGACAUCAUCUGAAUGAUGAGCGAGUGCACAGAAAAUCGGGUCACGCGCGCGACUCUCGCAGCAGACGUUGAUGCUCGCACACAUUCAGCGGAUCAACUGAAUGACGCGCGCAGACUUGGAAACACUCGCGGCUGGCGAAUGAGUGCGAUGUGUGAGCUAGCAUAACAUGCUAGAACCCAAUUCAGACUACUCUCCCUCCGC,301,l,T,0,"[[2, 301, 3], [8, 295, 3], [13, 256, 7], [21, 61, 5], [35, 49, 5], [70, 285, 5], [80, 233, 4], [90, 104, 5], [107, 119, 4], [120, 229, 7], [140, 215, 3], [257, 273, 7]]",-3212,"[[2, 44, 3], [8, 295, 3], [11, 258, 3], [14, 242, 3], [17, 131, 3], [20, 289, 3], [24, 58, 3], [28, 38, 3], [33, 273, 3], [39, 162, 3], [48, 248, 3], [51, 219, 4], [59, 92, 3], [62, 278, 3], [66, 86, 3], [69, 286, 3], [72, 292, 3], [77, 95, 3], [81, 98, 3], [87, 237, 3], [100, 283, 3], [103, 118, 3], [106, 115, 3], [109, 139, 4], [120, 159, 3], [123, 198, 3], [126, 174, 3], [140, 153, 3], [144, 149, 3], [154, 165, 3], [169, 177, 3], [178, 254, 6], [184, 201, 3], [188, 301, 5], [193, 204, 3], [205, 210, 3], [211, 234, 3], [223, 245, 3], [226, 231, 3], [260, 270, 4]]",-12488,7.217773438,0.09375,0.206896552,0.4140625,0.913793103
bpRNA_RFAM_33376,CUUUAGACGACGGUUUGAAGCGGGGAGUGCAGAGAAUAAUAGUAAUCAGCGACUAUAAUCUGGCUUAUCACGGGUUGUGCCGACCUAACUUGCGGUGACGUUAAGUUAGGACAUCGCCGACAUGGCGGGAUUAAGGUUCGAUGAGAUCGGAGCUGACUCAUUGUUGUAGGUAUUCCAAAGUCCUACCUCCCACC,194,l,T,0,"[[2, 20, 4], [23, 190, 4], [27, 134, 1], [32, 61, 1], [40, 60, 1], [41, 55, 3], [64, 133, 5], [71, 82, 3], [75, 123, 4], [84, 109, 6], [114, 128, 5], [139, 163, 7], [148, 177, 4], [166, 186, 5]]",-2460,"[[1, 20, 5], [6, 15, 3], [21, 116, 3], [24, 190, 4], [28, 168, 3], [32, 66, 3], [35, 107, 3], [39, 56, 4], [43, 133, 3], [46, 125, 3], [49, 93, 4], [58, 96, 3], [61, 70, 3], [71, 82, 3], [74, 89, 3], [77, 193, 3], [84, 136, 3], [97, 102, 3], [108, 184, 5], [117, 128, 3], [120, 164, 3], [138, 156, 3], [141, 161, 5], [146, 171, 3], [149, 176, 4]]",-4605,4.800130208,0.129411765,0.20754717,0.582352941,0.933962264
bpRNA_RFAM_34689,GUAACAAAGGGGUAGCGAAUAGAUGGCAAAGGGGUAGGCUAUUACAUAUAGUUUUGUUAACAUCUAUUUGUUCGAGUUACUAAUCAAACAUCUUCAAUAUUUAUUACUUACUUUCCUUUCUAUUUAACCGGCUAGCGACGCUAGUCGGUUUUAU,154,l,T,0,"[[2, 77, 2], [4, 73, 2], [13, 71, 4], [17, 60, 3], [20, 53, 2], [28, 119, 7], [39, 51, 1], [40, 48, 1], [127, 149, 9]]",-439,"[[1, 154, 4], [6, 119, 5], [11, 81, 5], [17, 69, 8], [25, 58, 7], [32, 93, 3], [35, 41, 3], [42, 51, 3], [59, 72, 3], [74, 113, 3], [82, 105, 3], [86, 102, 3], [96, 124, 4], [108, 127, 3], [130, 146, 7], [137, 150, 3]]",-2990,3.694986979,0.089552239,0.193548387,0.402985075,0.870967742
bpRNA_RNP_17,AGGGGGCUGGUGACUAUCCACUGGGAGGAAGCUCUGCCCACCCAAUUGUGUAGAUUUCCUGAGAAGGAAUGAAUAGGGUAUAGAAACGACACGGUUCUAAGAAAUAUGACUAUGAUAUUUUCAAAAUUGAGGAUUCUUAGAAAAUCGAUGAAACGACCUUAUUUUACACGGGUGCAAGCAUAUGUGCUAAGCUGAAUGUCACCGAAAUUACAGAAGGCAGGCUAUAGCCCCC,232,l,T,0,"[[1, 233, 8], [9, 203, 6], [18, 25, 2], [30, 223, 3], [34, 220, 5], [39, 174, 5], [48, 169, 5], [54, 70, 1], [56, 69, 5], [71, 164, 9], [92, 147, 3], [95, 142, 9], [117, 127, 3], [178, 185, 2]]",-3916,"[[2, 231, 4], [7, 213, 3], [10, 92, 3], [14, 227, 3], [17, 25, 4], [26, 35, 3], [30, 223, 3], [36, 218, 3], [41, 78, 3], [44, 56, 4], [49, 82, 4], [57, 68, 4], [69, 181, 3], [73, 118, 3], [84, 121, 3], [93, 111, 3], [96, 102, 3], [105, 114, 3], [124, 165, 3], [127, 177, 3], [130, 159, 3], [134, 142, 4], [145, 156, 3], [148, 162, 3], [166, 199, 3], [169, 204, 3], [172, 185, 3], [186, 192, 3], [193, 210, 3]]",-7099,5.634114583,0.107526882,0.151515152,0.61827957,0.871212121
bpRNA_RFAM_23429,CGGUUUUCCUAAAUCGUCGUGAGACGGACCUUGGAAAACCUAGUAUUUAAAUAACUAGGU,60,m,T,0,"[[2, 40, 8], [15, 26, 4], [27, 61, 5]]",-184,"[[1, 16, 5], [6, 36, 4], [17, 27, 4], [21, 32, 3], [38, 60, 6], [44, 53, 5]]",-586,3,0.148148148,0.235294118,0.555555556,0.882352941
bpRNA_RFAM_5061,AAGUGGUUGGACUCCUUCUAAAAUUAGAGCACAAUUAGUAGAUUAAAUUGGCUUAACCCUACCGCAUGAACCGAACUUGAUAAAAGUGCGGUAGGGGUAAAUUCUCCGCAUUCGGUGCG,119,m,T,0,"[[25, 56, 1], [27, 54, 3], [32, 50, 3], [35, 46, 12], [57, 96, 12], [70, 116, 6], [106, 120, 4]]",-1106,"[[1, 54, 4], [5, 58, 3], [8, 20, 4], [12, 29, 3], [23, 39, 3], [32, 50, 5], [41, 103, 4], [59, 94, 5], [64, 89, 4], [70, 116, 6], [77, 83, 3], [95, 106, 3], [107, 119, 3]]",-1415,3,0.42,0.512195122,0.65,0.902777778
bpRNA_RFAM_5066,AAAUGGUUGGACUCUUUUUAGAUUAGAGACAAUUUGAAUAAUUUAAAUUGGCUUAACCCUACUGCAUUAACCGAACUAGACAACAAUGCAGUAGGGGUAAAUUUUCCGCGUUCGGUGCGGAAAAAAAAA,129,m,T,0,"[[24, 56, 1], [26, 54, 3], [30, 50, 9], [57, 96, 12], [70, 116, 6], [106, 120, 4]]",-722,"[[2, 112, 3], [5, 13, 4], [15, 126, 5], [20, 104, 5], [26, 54, 3], [31, 49, 9], [56, 98, 3], [59, 94, 4], [63, 90, 4], [67, 79, 3], [70, 116, 3], [105, 121, 5]]",-1626,3,0.509803922,0.742857143,0.598039216,0.871428571
bpRNA_RFAM_6469,GUGGCCGGCAUGGUCCCAGCCUCCUCGCUGGCGCCGGCUGGGCAACAUUCCGAGGGGACCGUCCUCCUCGGUAAUGGCGAAUGGGACCC,89,m,T,0,"[[3, 39, 7], [12, 88, 7], [19, 32, 3], [23, 41, 2], [46, 76, 4], [50, 71, 7], [58, 62, 1]]",-737,"[[2, 7, 3], [9, 83, 3], [12, 88, 5], [19, 43, 4], [25, 80, 3], [28, 37, 5], [46, 76, 4], [50, 71, 4], [54, 67, 3], [57, 63, 3]]",-1124,3,0.459459459,0.548387097,0.743243243,0.887096774
bpRNA_RFAM_7556,AGUAGUAUUCCGCAGCGUAUCCAUAACGGGCUUUGCUGCGGCUAAUUCUUUUAUAGAAACACUUAGGAGUGAAUAAUGGCCCGUAUAGCAGGCAUUAACAUUCCUGA,107,m,T,0,"[[4, 49, 6], [10, 41, 4], [21, 92, 3], [27, 83, 4], [35, 107, 3]]",-132,"[[1, 96, 3], [4, 102, 3], [7, 74, 3], [10, 41, 5], [15, 36, 3], [18, 25, 3], [28, 33, 3], [42, 88, 3], [46, 58, 4], [50, 67, 4], [60, 71, 4], [76, 84, 4], [89, 106, 4]]",-1575,3,0.086956522,0.2,0.369565217,0.85
bpRNA_RFAM_23352,AGUGUUUUUUUCCCUCCACUUAAAUCGAAGGG,32,s,T,0,"[[2, 19, 3], [11, 33, 5], [16, 27, 1]]",-25,"[[1, 6, 3], [7, 32, 6]]",-72,3,0,0,0.555555556,0.555555556
bpRNA_RFAM_23366,GGGAAAUGGACUGAGCGGCGCCGACCGCCAAACAACCGG,39,s,T,0,"[[14, 29, 5], [21, 39, 3]]",-30,"[[7, 13, 3], [16, 23, 4], [25, 39, 3]]",-98,3,0,0,0.6,0.75
bpRNA_RFAM_23381,UUUAAAUGGGCAAGCGGCACCGUCCGCCAAAACAAACG,38,s,T,0,"[[14, 27, 4], [20, 39, 4]]",-32,"[[1, 6, 3], [7, 29, 3], [15, 26, 3], [21, 38, 3]]",-92,3,0.5,0.75,0.541666667,0.8125
bpRNA_RFAM_23457,UUUCAGGACAUACUGAAGAGGAUGUCAAGAAUGCAAUUGGGGUCCUC,47,s,T,0,"[[2, 41, 5], [18, 47, 6]]",-60,"[[1, 29, 3], [4, 15, 3], [7, 26, 5], [30, 38, 3], [39, 46, 4]]",-262,3,0,0,0.472222222,0.772727273
bpRNA_RFAM_23495,CGAAUCUCAAGCAAUCAAGCAUUCUACUUCUAUUGC,36,s,T,0,"[[2, 24, 4], [6, 19, 2], [11, 36, 5]]",-51,"[[2, 24, 4], [11, 36, 5], [17, 29, 3]]",-75,3,0.75,0.818181818,0.833333333,0.909090909
bpRNA_RFAM_2112,GUGCCGUAAACUAAUGAGUAAGGAAAAUAAACGAACCCUGGUGACGCGGGGUUUAAAGGGUAUUUCCCUUGCGUGAUUUUUGAGGGGCACAGGUCGCUAUUGGCUGUGGAAGCUUACUUUGCUUUCCGCAGUUGAAGUGGGAUCUUCCC,149,l,F,-1,"[[4, 23, 5], [33, 54, 8], [55, 71, 5], [84, 150, 5], [91, 145, 7], [101, 134, 2], [104, 131, 5], [109, 125, 5]]",-1682,"[[1, 90, 4], [5, 16, 3], [10, 19, 3], [20, 124, 3], [23, 81, 5], [29, 120, 3], [33, 54, 7], [41, 47, 3], [58, 65, 4], [66, 86, 3], [69, 76, 4], [92, 101, 3], [96, 138, 3], [102, 133, 8], [110, 115, 3], [139, 146, 4]]",-2068,3.868164063,0.206349206,0.30952381,0.555555556,0.833333333
bpRNA_RFAM_5435,AAUAAUCUUCAGGGCAGGGCGAAAUUCCCUACCGGCGGUAACUGCUUAUAGCAGAAGCCCGCGAGCGCUUUCUAAUAAAAAUAGAAAGGUCAAGCAGAUUUGGUGUAAUUCCAAAGCCGACAGUUAAAGUCUGGAUGAAAGAAGAUUGA,149,l,F,-1,"[[3, 148, 8], [17, 29, 3], [35, 62, 4], [99, 115, 5], [121, 133, 3]]",-454,"[[3, 148, 3], [6, 145, 5], [13, 118, 3], [16, 30, 3], [19, 62, 3], [25, 139, 3], [31, 90, 3], [34, 59, 3], [37, 43, 3], [44, 52, 3], [47, 77, 3], [64, 69, 3], [70, 86, 4], [80, 110, 3], [94, 106, 3], [99, 115, 5], [119, 125, 3], [129, 136, 4]]",-2660,3,0.25,0.652173913,0.375,0.97826087
bpRNA_RFAM_721,GACUCUCGGCAACGGAUAUCUCGGCUCUCGCAUCGAUGAAGAACGUAGCGAAAUGCGAUACUUGGUGUGAAUUGCAGAAUCCCGUGAACCAUCGAGUCUUUGAACGCAAGUUGCGCCCGAAGCCACUAGGGCACGUCUGCCUGGGCGUC,149,l,F,-1,"[[40, 102, 4], [44, 57, 4], [65, 92, 3], [72, 79, 2], [106, 114, 3], [116, 132, 6]]",-442,"[[1, 149, 3], [4, 42, 3], [7, 139, 3], [12, 136, 3], [15, 20, 3], [22, 30, 3], [31, 38, 4], [44, 50, 3], [53, 85, 3], [57, 81, 3], [60, 97, 3], [63, 91, 3], [66, 76, 5], [92, 120, 3], [99, 104, 3], [105, 115, 4], [109, 127, 3], [122, 132, 3], [140, 145, 3]]",-2707,3,0.049180328,0.136363636,0.286885246,0.795454545
bpRNA_RFAM_839,ACCUGGCCGGGGGAAGUCGGUGAUCAAGACGGCCGAGUCCCUAGUUGGGGAACCUCUCCUGCACUUGAGAGGGGCUCCUUCUAUGAUUGCCUUCGGGUAACUCAACGGCAUAAUUUGUGAUAGCGUGGGGUGCGCUUGUCGCGCCCUGC,149,l,F,-1,"[[6, 109, 4], [10, 42, 6], [17, 36, 5], [43, 82, 3], [52, 74, 3], [56, 69, 2], [84, 104, 3], [88, 99, 2], [90, 96, 2], [125, 149, 10]]",-1184,"[[4, 9, 3], [10, 146, 3], [13, 94, 3], [16, 109, 3], [19, 91, 3], [22, 88, 5], [27, 82, 3], [30, 61, 3], [35, 77, 3], [38, 51, 3], [41, 48, 4], [53, 74, 5], [64, 69, 3], [96, 140, 4], [101, 129, 4], [110, 118, 3], [113, 121, 3], [130, 135, 3], [141, 149, 3]]",-2952,3.612955729,0,0,0.578125,0.925
bpRNA_RFAM_9907,CCUCCAUUUCUUGGCGGAGGCCGGGUGCUUAGUCCUGGCCCCCGUUAUGUACGGAGGCAGAACAAGGGGACCCUGGGUCCCCCCGGCGUCAUGUCUUCGGUGCCGGCGGUUCCCCAUCCGCCGGUUCUAUCCUCAAUCGCCGGGACACC,149,l,F,-1,"[[2, 56, 4], [15, 44, 6], [22, 37, 4], [84, 142, 6], [103, 124, 7]]",-709,"[[3, 145, 3], [6, 137, 3], [9, 18, 3], [12, 142, 4], [19, 122, 3], [23, 115, 3], [27, 33, 3], [36, 47, 4], [48, 59, 3], [53, 119, 3], [60, 112, 4], [64, 97, 3], [67, 81, 3], [70, 78, 4], [85, 90, 3], [92, 108, 3], [98, 105, 4], [123, 131, 3]]",-2684,3.476236979,0,0,0.36440678,0.796296296
bpRNA_CRW_15563,UCAUCUGGUGAUGAUGCUCUUUAGGGUAACACCCGUUUUCCAUUCCGAACACGAAGGUUAAGCCUAUUGAGGCCGAUGGUACUGCAC,87,m,F,-1,"[[17, 71, 2], [20, 68, 6], [30, 59, 3], [33, 54, 4]]",-196,"[[1, 14, 3], [4, 72, 3], [7, 18, 4], [19, 62, 3], [22, 66, 3], [25, 33, 3], [28, 59, 3], [34, 53, 3], [37, 56, 3], [43, 49, 3], [67, 76, 3], [77, 84, 4]]",-1118,3,0.157894737,0.4,0.381578947,0.966666667
bpRNA_CRW_15984,AAGCUCCUUAGCGCUGAUGGUAGCCGACUUACGUUCCGCAAGAGUAGGACGUUGCCAGGC,60,m,F,-1,"[[14, 48, 7], [23, 39, 4], [27, 34, 2]]",-135,"[[2, 53, 3], [5, 49, 4], [9, 16, 4], [18, 26, 4], [28, 42, 3], [33, 45, 3], [54, 60, 3]]",-449,3,0,0,0.416666667,0.769230769
bpRNA_CRW_16038,UUUUUGCCUGGUGGCCAUAGCGAGUAGGCCCCACCCGAUCCCAUUCCGAACUCGGAAGUGAAACUGCUCAGCGCCGAUGAUAGU,84,m,F,-1,"[[20, 72, 2], [22, 69, 6], [32, 60, 3], [35, 55, 4]]",-196,"[[1, 63, 3], [4, 23, 4], [8, 83, 3], [11, 18, 4], [24, 67, 3], [27, 75, 3], [32, 60, 3], [37, 45, 3], [46, 55, 4], [68, 80, 3]]",-786,3,0.181818182,0.4,0.378787879,0.833333333
bpRNA_CRW_16424,CCUGAUGACCAUAGCGAGUCGGUCCCACCCCUUCCCAUCCCGAACAGGACCGUGAAACGACUCUACGCCGAUGAUAGUGCGGAUUCCCGUGUGAAAG,97,m,F,-1,"[[14, 66, 2], [16, 63, 6], [26, 54, 3], [29, 49, 4], [72, 97, 3], [77, 92, 6]]",-538,"[[2, 77, 3], [5, 90, 3], [10, 73, 3], [14, 68, 3], [17, 62, 5], [22, 50, 4], [26, 54, 3], [32, 44, 3], [78, 93, 3], [81, 87, 3]]",-892,3,0.242424242,0.333333333,0.575757576,0.791666667
bpRNA_CRW_8500,ACGGCGGCCAUAGCGGGGGGGUUACACCCGGUCUCAUUUCGAACCCGGAAGUUAAGCCCCCCAGCGAUCCCGGUUGUACUGCCCUCCGAGAGGGGGCGGGAAGCCGGGGACGCCGCCGGCCA,122,m,F,-1,"[[3, 117, 6], [13, 65, 2], [15, 62, 6], [25, 53, 3], [28, 48, 4], [67, 110, 7], [77, 101, 8], [86, 93, 2]]",-1322,"[[3, 114, 4], [7, 32, 3], [12, 23, 3], [15, 35, 3], [18, 29, 3], [37, 43, 3], [44, 100, 3], [47, 87, 3], [51, 57, 3], [58, 109, 4], [62, 81, 3], [65, 76, 5], [82, 94, 3], [95, 105, 3], [115, 120, 3]]",-1784,3,0,0,0.693877551,0.894736842
bpRNA_CRW_32863,GCGGGUAUAGUUUAGUGGUAAAA,23,s,F,-1,"[[11, 23, 3]]",-9,"[[6, 20, 3], [10, 16, 3]]",-34,3,0,0,0.166666667,0.333333333
bpRNA_PDB_368,GGCGUCACACCUUCGGGUGAAGUCGC,26,s,F,-1,"[[1, 25, 2], [4, 22, 1], [6, 19, 5]]",-39,"[[1, 6, 3], [12, 17, 3], [18, 25, 3]]",-69,3,0,0,0.611111111,0.6875
bpRNA_PDB_389,GCUGAGCUCGAAAGAGCAAUGAUGU,25,s,F,-1,"[[1, 23, 3], [4, 17, 4]]",-48,"[[1, 17, 3], [4, 9, 3], [19, 25, 3]]",-78,3,0,0,0.666666667,0.857142857
bpRNA_RFAM_25456,GGCGACUGGUGAGUACGC,18,s,F,-1,"[[2, 18, 3], [5, 14, 3]]",-36,"[[2, 18, 3], [5, 14, 3]]",-36,3,1,1,1,1
bpRNA_SRP_2,GCCGCGAACCCCGCCAGGCCCGGAAGGGAGCAACGGUAGUGGUGGA,46,s,F,-1,"[[1, 43, 5], [11, 36, 3], [19, 28, 3]]",-113,"[[1, 43, 5], [9, 28, 3], [13, 19, 3], [20, 36, 3]]",-132,3,0.357142857,0.454545455,0.75,0.954545455
bpRNA_RFAM_14667,CUGACUAUGUGAUCUUAUUAAAAUUAGGUUAAAUUUCGAGGUUAAAAAUAGUUUUAAUAUUGCUAUAGUCUUAGAGGUCUUGUAUAUUUAUACUUACCACACAAGAUGGACCGGAGCAGCCCUCCAAUAUCUAGUGUACCCUCGUGCUCGCUCAAACAUUAAGUGGUGUUGUGCGAAAAGAAUCUCACUUCAAGAAAAAGA,201,l,T,-1,"[[2, 71, 8], [16, 59, 9], [38, 144, 4], [42, 139, 1], [76, 112, 4], [82, 93, 4], [99, 137, 4], [104, 132, 5], [113, 125, 4], [148, 176, 5], [156, 169, 4], [161, 190, 5]]",-2322,"[[2, 154, 3], [6, 146, 3], [9, 139, 3], [15, 21, 3], [22, 30, 3], [25, 73, 3], [31, 55, 3], [34, 47, 3], [38, 143, 3], [41, 52, 4], [56, 61, 3], [62, 69, 4], [74, 81, 4], [82, 91, 3], [85, 129, 4], [93, 105, 3], [97, 109, 3], [100, 136, 3], [110, 167, 3], [113, 125, 4], [130, 201, 3], [148, 176, 3], [155, 170, 3], [158, 164, 3], [171, 188, 3], [179, 185, 3], [189, 196, 3]]",-4723,4.841145833,0.139534884,0.210526316,0.622093023,0.938596491
bpRNA_RFAM_2340,AGCGAAAGGAAGCUCACUGUAGAGGUCACUUACUGAGUGCUCGUCACUCGCCAACACCUCGGGGAAGGUCUGAGACAGGAGCUCCUCGCUGACCUAGCAGGACAUCAUCUGAAUGAUGAGCGAGUGCACAGAAAAUCGGGUCACGCGCGCGACUCUCGCAGCAGACGUUGAUGCUCGCACACAUUCAGCGGAUCAACUGAAUGACGCGCGCAGACUUGGAAACACUCGCGGCUGGCGAAUGAGUGCGAUGUGUGAGCUAGCAUAACAUGCUAGAACCCAAUUCAGACUACUCUCCCUCCGC,301,l,T,-1,"[[2, 301, 3], [8, 295, 3], [13, 256, 7], [21, 61, 5], [35, 49, 5], [70, 285, 5], [80, 233, 4], [90, 104, 5], [107, 119, 4], [120, 229, 7], [140, 215, 3], [257, 273, 7]]",-3142,"[[2, 301, 3], [8, 295, 3], [12, 121, 3], [15, 39, 3], [18, 56, 3], [22, 31, 3], [25, 287, 3], [34, 50, 3], [41, 248, 3], [44, 73, 3], [57, 79, 3], [60, 88, 5], [68, 76, 3], [81, 98, 3], [90, 143, 3], [93, 101, 3], [103, 118, 3], [106, 115, 3], [109, 131, 3], [122, 298, 3], [125, 147, 3], [135, 172, 3], [138, 278, 3], [149, 159, 3], [154, 165, 3], [160, 169, 3], [173, 257, 3], [176, 237, 3], [179, 251, 3], [182, 241, 4], [186, 234, 3], [189, 218, 3], [193, 204, 3], [197, 213, 3], [205, 210, 3], [223, 245, 3], [226, 231, 3], [252, 290, 3], [258, 272, 3], [261, 269, 3], [273, 283, 3]]",-12571,7.217773438,0.126984127,0.275862069,0.432539683,0.939655172
bpRNA_RFAM_33376,CUUUAGACGACGGUUUGAAGCGGGGAGUGCAGAGAAUAAUAGUAAUCAGCGACUAUAAUCUGGCUUAUCACGGGUUGUGCCGACCUAACUUGCGGUGACGUUAAGUUAGGACAUCGCCGACAUGGCGGGAUUAAGGUUCGAUGAGAUCGGAGCUGACUCAUUGUUGUAGGUAUUCCAAAGUCCUACCUCCCACC,194,l,T,-1,"[[2, 20, 4], [23, 190, 4], [27, 134, 1], [32, 61, 1], [40, 60, 1], [41, 55, 3], [64, 133, 5], [71, 82, 3], [75, 123, 4], [84, 109, 6], [114, 128, 5], [139, 163, 7], [148, 177, 4], [166, 186, 5]]",-2300,"[[1, 20, 5], [6, 182, 3], [12, 194, 3], [23, 191, 4], [28, 51, 3], [32, 175, 3], [36, 167, 3], [40, 55, 4], [44, 76, 3], [56, 67, 3], [61, 70, 3], [71, 140, 3], [77, 114, 3], [80, 95, 3], [84, 110, 3], [87, 107, 5], [97, 102, 3], [115, 127, 5], [120, 164, 3], [130, 137, 3], [141, 161, 5], [147, 156, 4], [169, 187, 4]]",-4493,4.800130208,0.111111111,0.169811321,0.580246914,0.886792453
bpRNA_RFAM_34689,GUAACAAAGGGGUAGCGAAUAGAUGGCAAAGGGGUAGGCUAUUACAUAUAGUUUUGUUAACAUCUAUUUGUUCGAGUUACUAAUCAAACAUCUUCAAUAUUUAUUACUUACUUUCCUUUCUAUUUAACCGGCUAGCGACGCUAGUCGGUUUUAU,154,l,T,-1,"[[2, 77, 2], [4, 73, 2], [13, 71, 4], [17, 60, 3], [20, 53, 2], [28, 119, 7], [39, 51, 1], [40, 48, 1], [127, 149, 9]]",-257,"[[1, 154, 4], [7, 125, 3], [10, 117, 3], [13, 122, 3], [18, 105, 4], [22, 92, 4], [28, 114, 4], [32, 95, 3], [35, 66, 4], [40, 48, 3], [49, 110, 3], [52, 88, 3], [55, 62, 4], [68, 75, 3], [76, 84, 4], [96, 101, 3], [126, 150, 5], [131, 145, 3], [134, 142, 4]]",-2678,3.694986979,0.149253731,0.322580645,0.402985075,0.870967742
bpRNA_RNP_17,AGGGGGCUGGUGACUAUCCACUGGGAGGAAGCUCUGCCCACCCAAUUGUGUAGAUUUCCUGAGAAGGAAUGAAUAGGGUAUAGAAACGACACGGUUCUAAGAAAUAUGACUAUGAUAUUUUCAAAAUUGAGGAUUCUUAGAAAAUCGAUGAAACGACCUUAUUUUACACGGGUGCAAGCAUAUGUGCUAAGCUGAAUGUCACCGAAAUUACAGAAGGCAGGCUAUAGCCCCC,232,l,T,-1,"[[1, 233, 8], [9, 203, 6], [18, 25, 2], [30, 223, 3], [34, 220, 5], [39, 174, 5], [48, 169, 5], [54, 70, 1], [56, 69, 5], [71, 164, 9], [92, 147, 3], [95, 142, 9], [117, 127, 3], [178, 185, 2]]",-3820,"[[2, 232, 3], [6, 32, 3], [9, 15, 3], [17, 25, 4], [26, 35, 3], [36, 218, 3], [40, 79, 3], [43, 48, 3], [49, 88, 3], [54, 70, 5], [59, 213, 3], [71, 165, 3], [74, 139, 3], [81, 99, 4], [90, 174, 3], [93, 111, 3], [100, 121, 3], [103, 209, 3], [106, 162, 3], [112, 118, 3], [122, 129, 3], [130, 159, 3], [134, 142, 3], [145, 156, 3], [148, 225, 3], [166, 185, 3], [169, 204, 3], [179, 198, 3], [186, 192, 3], [193, 201, 3], [220, 229, 3]]",-6871,5.634114583,0.072164948,0.106060606,0.618556701,0.909090909
bpRNA_RFAM_23429,CGGUUUUCCUAAAUCGUCGUGAGACGGACCUUGGAAAACCUAGUAUUUAAAUAACUAGGU,60,m,T,-1,"[[2, 40, 8], [15, 26, 4], [27, 61, 5]]",-104,"[[1, 16, 4], [5, 37, 5], [17, 27, 4], [21, 32, 3], [38, 60, 7], [45, 52, 4]]",-518,3,0.185185185,0.294117647,0.574074074,0.911764706
bpRNA_RFAM_5061,AAGUGGUUGGACUCCUUCUAAAAUUAGAGCACAAUUAGUAGAUUAAAUUGGCUUAACCCUACCGCAUGAACCGAACUUGAUAAAAGUGCGGUAGGGGUAAAUUCUCCGCAUUCGGUGCG,119,m,T,-1,"[[25, 56, 1], [27, 54, 3], [32, 50, 3], [35, 46, 12], [57, 96, 12], [70, 116, 6], [106, 120, 4]]",-914,"[[1, 17, 3], [4, 55, 3], [8, 61, 3], [12, 29, 3], [23, 39, 4], [33, 44, 3], [48, 69, 3], [63, 119, 3], [70, 98, 3], [73, 104, 3], [77, 115, 4], [86, 111, 3], [89, 108, 3]]",-255,3,0,0,0.634146341,0.702702703
bpRNA_RFAM_5066,AAAUGGUUGGACUCUUUUUAGAUUAGAGACAAUUUGAAUAAUUUAAAUUGGCUUAACCCUACUGCAUUAACCGAACUAGACAACAAUGCAGUAGGGGUAAAUUUUCCGCGUUCGGUGCGGAAAAAAAAA,129,m,T,-1,"[[24, 56, 1], [26, 54, 3], [30, 50, 9], [57, 96, 12], [70, 116, 6], [106, 120, 4]]",-530,"[[2, 103, 3], [5, 13, 4], [15, 29, 7], [30, 50, 10], [53, 100, 3], [57, 96, 7], [64, 89, 5], [104, 122, 4], [109, 117, 4]]",-1752,3,0.510638298,0.685714286,0.627659574,0.842857143
bpRNA_RFAM_6469,GUGGCCGGCAUGGUCCCAGCCUCCUCGCUGGCGCCGGCUGGGCAACAUUCCGAGGGGACCGUCCUCCUCGGUAAUGGCGAAUGGGACCC,89,m,T,-1,"[[3, 39, 7], [12, 88, 7], [19, 32, 3], [23, 41, 2], [46, 76, 4], [50, 71, 7], [58, 62, 1]]",-599,"[[2, 7, 3], [9, 83, 3], [12, 21, 3], [22, 86, 3], [25, 80, 4], [29, 36, 4], [37, 43, 3], [46, 76, 4], [50, 71, 3], [53, 68, 4], [57, 63, 3]]",-1094,3,0.324324324,0.387096774,0.72972973,0.870967742
bpRNA_RFAM_7556,AGUAGUAUUCCGCAGCGUAUCCAUAACGGGCUUUGCUGCGGCUAAUUCUUUUAUAGAAACACUUAGGAGUGAAUAAUGGCCCGUAUAGCAGGCAUUAACAUUCCUGA,107,m,T,-1,"[[4, 49, 6], [10, 41, 4], [21, 92, 3], [27, 83, 4], [35, 107, 3]]",110,"[[1, 102, 3], [4, 9, 3], [11, 17, 3], [18, 25, 3], [26, 84, 4], [30, 80, 3], [33, 76, 3], [36, 41, 3], [42, 66, 3], [46, 73, 3], [49, 58, 5], [61, 70, 3], [86, 97, 3], [89, 106, 4]]",-1486,3,0.086956522,0.2,0.380434783,0.875
bpRNA_RFAM_23352,AGUGUUUUUUUCCCUCCACUUAAAUCGAAGGG,32,s,T,-1,"[[2, 19, 3], [11, 33, 5], [16, 27, 1]]",11,"[[1, 6, 3], [7, 32, 6]]",-72,3,0,0,0.555555556,0.555555556
bpRNA_RFAM_23366,GGGAAAUGGACUGAGCGGCGCCGACCGCCAAACAACCGG,39,s,T,-1,"[[14, 29, 5], [21, 39, 3]]",0,"[[7, 13, 3], [16, 23, 4], [25, 39, 3]]",-98,3,0,0,0.6,0.75
bpRNA_RFAM_23381,UUUAAAUGGGCAAGCGGCACCGUCCGCCAAAACAAACG,38,s,T,-1,"[[14, 27, 4], [20, 39, 4]]",0,"[[1, 36, 3], [9, 28, 3], [14, 23, 4]]",-91,3,0,0,0.55,0.6875
bpRNA_RFAM_23457,UUUCAGGACAUACUGAAGAGGAUGUCAAGAAUGCAAUUGGGGUCCUC,47,s,T,-1,"[[2, 41, 5], [18, 47, 6]]",0,"[[2, 17, 5], [18, 47, 5], [23, 33, 3], [34, 39, 3]]",-236,3,0.3125,0.454545455,0.59375,0.863636364
bpRNA_RFAM_23495,CGAAUCUCAAGCAAUCAAGCAUUCUACUUCUAUUGC,36,s,T,-1,"[[2, 24, 4], [6, 19, 2], [11, 36, 5]]",9,"[[1, 35, 3], [9, 29, 3], [13, 23, 3]]",-69,3,0,0,0.666666667,0.545454545
bpRNA_RFAM_2112,GUGCCGUAAACUAAUGAGUAAGGAAAAUAAACGAACCCUGGUGACGCGGGGUUUAAAGGGUAUUUCCCUUGCGUGAUUUUUGAGGGGCACAGGUCGCUAUUGGCUGUGGAAGCUUACUUUGCUUUCCGCAGUUGAAGUGGGAUCUUCCC,149,l,F,1,"[[4, 23, 5], [33, 54, 8], [55, 71, 5], [84, 150, 5], [91, 145, 7], [101, 134, 2], [104, 131, 5], [109, 125, 5]]",-1682,"[[1, 7, 3], [9, 133, 3], [13, 101, 4], [20, 146, 4], [24, 79, 3], [28, 55, 4], [32, 82, 3], [35, 61, 3], [38, 92, 3], [41, 97, 5], [46, 72, 3], [49, 69, 3], [56, 120, 3], [62, 138, 5], [73, 117, 3], [85, 124, 4], [102, 114, 3], [105, 130, 6], [139, 149, 3]]",-2923,3.868164063,0.058823529,0.095238095,0.566176471,0.916666667
bpRNA_RFAM_5435,AAUAAUCUUCAGGGCAGGGCGAAAUUCCCUACCGGCGGUAACUGCUUAUAGCAGAAGCCCGCGAGCGCUUUCUAAUAAAAAUAGAAAGGUCAAGCAGAUUUGGUGUAAUUCCAAAGCCGACAGUUAAAGUCUGGAUGAAAGAAGAUUGA,149,l,F,1,"[[3, 148, 8], [17, 29, 3], [35, 62, 4], [99, 115, 5], [121, 133, 3]]",-454,"[[2, 49, 4], [6, 142, 3], [9, 138, 3], [13, 118, 3], [17, 60, 4], [21, 71, 3], [25, 86, 3], [28, 89, 3], [31, 39, 4], [42, 54, 4], [61, 68, 3], [72, 134, 3], [75, 106, 3], [80, 110, 3], [90, 149, 3], [93, 125, 3], [98, 146, 3], [101, 113, 3], [119, 131, 3]]",-3282,3,0.049180328,0.130434783,0.336065574,0.891304348
bpRNA_RFAM_721,GACUCUCGGCAACGGAUAUCUCGGCUCUCGCAUCGAUGAAGAACGUAGCGAAAUGCGAUACUUGGUGUGAAUUGCAGAAUCCCGUGAACCAUCGAGUCUUUGAACGCAAGUUGCGCCCGAAGCCACUAGGGCACGUCUGCCUGGGCGUC,149,l,F,1,"[[40, 102, 4], [44, 57, 4], [65, 92, 3], [72, 79, 2], [106, 114, 3], [116, 132, 6]]",-442,"[[1, 149, 3], [4, 42, 3], [8, 117, 3], [12, 136, 3], [15, 20, 3], [21, 51, 3], [24, 123, 3], [27, 145, 3], [30, 114, 3], [33, 39, 3], [43, 85, 3], [46, 74, 3], [54, 133, 3], [57, 81, 3], [60, 111, 4], [64, 90, 3], [67, 107, 3], [75, 139, 3], [92, 120, 3], [95, 127, 3], [99, 104, 3], [128, 142, 3]]",-3708,3,0,0,0.313432836,0.954545455
bpRNA_RFAM_839,ACCUGGCCGGGGGAAGUCGGUGAUCAAGACGGCCGAGUCCCUAGUUGGGGAACCUCUCCUGCACUUGAGAGGGGCUCCUUCUAUGAUUGCCUUCGGGUAACUCAACGGCAUAAUUUGUGAUAGCGUGGGGUGCGCUUGUCGCGCCCUGC,149,l,F,1,"[[6, 109, 4], [10, 42, 6], [17, 36, 5], [43, 82, 3], [52, 74, 3], [56, 69, 2], [84, 104, 3], [88, 99, 2], [90, 96, 2], [125, 149, 10]]",-1184,"[[3, 10, 4], [11, 93, 3], [14, 80, 3], [18, 35, 4], [22, 115, 3], [25, 67, 3], [28, 140, 4], [36, 136, 3], [39, 50, 4], [43, 76, 4], [53, 72, 5], [59, 96, 3], [62, 132, 3], [81, 123, 3], [84, 104, 3], [87, 100, 4], [105, 118, 3], [108, 149, 3], [124, 143, 3], [127, 146, 3]]",-3746,3.612955729,0.161764706,0.275,0.566176471,0.9625
bpRNA_RFAM_9907,CCUCCAUUUCUUGGCGGAGGCCGGGUGCUUAGUCCUGGCCCCCGUUAUGUACGGAGGCAGAACAAGGGGACCCUGGGUCCCCCCGGCGUCAUGUCUUCGGUGCCGGCGGUUCCCCAUCCGCCGGUUCUAUCCUCAAUCGCCGGGACACC,149,l,F,1,"[[2, 56, 4], [15, 44, 6], [22, 37, 4], [84, 142, 6], [103, 124, 7]]",-709,"[[3, 55, 3], [6, 78, 3], [9, 20, 3], [12, 47, 5], [22, 123, 3], [25, 117, 3], [30, 75, 3], [33, 70, 3], [36, 135, 3], [40, 144, 3], [48, 147, 3], [56, 104, 3], [59, 128, 5], [64, 97, 4], [84, 120, 3], [87, 93, 3], [99, 131, 3], [105, 141, 6]]",-3274,3.476236979,0.080645161,0.185185185,0.411290323,0.944444444
bpRNA_CRW_15563,UCAUCUGGUGAUGAUGCUCUUUAGGGUAACACCCGUUUUCCAUUCCGAACACGAAGGUUAAGCCUAUUGAGGCCGAUGGUACUGCAC,87,m,F,1,"[[17, 71, 2], [20, 68, 6], [30, 59, 3], [33, 54, 4]]",-196,"[[1, 14, 5], [6, 42, 3], [15, 81, 4], [19, 56, 3], [22, 84, 3], [25, 33, 3], [28, 59, 3], [34, 53, 3], [37, 62, 3], [43, 49, 3], [63, 72, 3], [66, 77, 4]]",-1510,3,0.075,0.2,0.375,1
bpRNA_CRW_15984,AAGCUCCUUAGCGCUGAUGGUAGCCGACUUACGUUCCGCAAGAGUAGGACGUUGCCAGGC,60,m,F,1,"[[14, 48, 7], [23, 39, 4], [27, 34, 2]]",-135,"[[3, 45, 3], [8, 17, 3], [11, 39, 3], [18, 57, 5], [23, 60, 3], [28, 42, 3], [31, 52, 6]]",-591,3,0,0,0.423076923,0.846153846
bpRNA_CRW_16038,UUUUUGCCUGGUGGCCAUAGCGAGUAGGCCCCACCCGAUCCCAUUCCGAACUCGGAAGUGAAACUGCUCAGCGCCGAUGAUAGU,84,m,F,1,"[[20, 72, 2], [22, 69, 6], [32, 60, 3], [35, 55, 4]]",-196,"[[1, 63, 3], [4, 49, 3], [8, 71, 3], [11, 18, 4], [20, 74, 3], [23, 68, 5], [32, 60, 3], [35, 55, 3], [38, 81, 3], [43, 78, 3], [50, 84, 3]]",-1210,3,0.305555556,0.733333333,0.416666667,1
bpRNA_CRW_16424,CCUGAUGACCAUAGCGAGUCGGUCCCACCCCUUCCCAUCCCGAACAGGACCGUGAAACGACUCUACGCCGAUGAUAGUGCGGAUUCCCGUGUGAAAG,97,m,F,1,"[[14, 66, 2], [16, 63, 6], [26, 54, 3], [29, 49, 4], [72, 97, 3], [77, 92, 6]]",-538,"[[2, 47, 3], [5, 12, 3], [14, 68, 3], [17, 62, 4], [21, 51, 4], [26, 54, 3], [31, 97, 3], [36, 73, 4], [42, 86, 3], [63, 77, 3], [78, 91, 5]]",-1368,3,0.315789474,0.5,0.565789474,0.895833333
bpRNA_CRW_8500,ACGGCGGCCAUAGCGGGGGGGUUACACCCGGUCUCAUUUCGAACCCGGAAGUUAAGCCCCCCAGCGAUCCCGGUUGUACUGCCCUCCGAGAGGGGGCGGGAAGCCGGGGACGCCGCCGGCCA,122,m,F,1,"[[3, 117, 6], [13, 65, 2], [15, 62, 6], [25, 53, 3], [28, 48, 4], [67, 110, 7], [77, 101, 8], [86, 93, 2]]",-1322,"[[2, 106, 4], [6, 121, 4], [11, 54, 4], [16, 61, 4], [20, 117, 3], [23, 78, 3], [26, 74, 3], [30, 38, 3], [33, 90, 3], [39, 67, 3], [44, 109, 3], [47, 70, 3], [62, 81, 3], [82, 94, 3], [85, 101, 3], [95, 114, 4]]",-2454,3,0.075471698,0.105263158,0.669811321,0.934210526
bpRNA_CRW_32863,GCGGGUAUAGUUUAGUGGUAAAA,23,s,F,1,"[[11, 23, 3]]",-9,"[[6, 17, 3], [11, 22, 4]]",-48,3,0,0,0.357142857,0.833333333
bpRNA_PDB_368,GGCGUCACACCUUCGGGUGAAGUCGC,26,s,F,1,"[[1, 25, 2], [4, 22, 1], [6, 19, 5]]",-39,"[[1, 6, 3], [8, 19, 3], [11, 22, 3], [14, 25, 3]]",-128,3,0,0,0.625,0.9375
bpRNA_PDB_389,GCUGAGCUCGAAAGAGCAAUGAUGU,25,s,F,1,"[[1, 23, 3], [4, 17, 4]]",-48,"[[1, 7, 3], [8, 22, 3], [16, 25, 3]]",-78,3,0,0,0.611111111,0.785714286
bpRNA_RFAM_25456,GGCGACUGGUGAGUACGC,18,s,F,1,"[[2, 18, 3], [5, 14, 3]]",-36,"[[2, 18, 3], [5, 14, 3]]",-36,3,1,1,1,1
bpRNA_SRP_2,GCCGCGAACCCCGCCAGGCCCGGAAGGGAGCAACGGUAGUGGUGGA,46,s,F,1,"[[1, 43, 5], [11, 36, 3], [19, 28, 3]]",-113,"[[1, 43, 5], [9, 28, 3], [13, 19, 3], [20, 36, 3]]",-168,3,0.357142857,0.454545455,0.75,0.954545455
bpRNA_RFAM_14667,CUGACUAUGUGAUCUUAUUAAAAUUAGGUUAAAUUUCGAGGUUAAAAAUAGUUUUAAUAUUGCUAUAGUCUUAGAGGUCUUGUAUAUUUAUACUUACCACACAAGAUGGACCGGAGCAGCCCUCCAAUAUCUAGUGUACCCUCGUGCUCGCUCAAACAUUAAGUGGUGUUGUGCGAAAAGAAUCUCACUUCAAGAAAAAGA,201,l,T,1,"[[2, 71, 8], [16, 59, 9], [38, 144, 4], [42, 139, 1], [76, 112, 4], [82, 93, 4], [99, 137, 4], [104, 132, 5], [113, 125, 4], [148, 176, 5], [156, 169, 4], [161, 190, 5]]",-2986,"[[1, 119, 3], [4, 69, 3], [7, 66, 3], [10, 154, 3], [13, 75, 3], [16, 84, 3], [19, 96, 3], [23, 58, 3], [27, 140, 3], [30, 44, 3], [34, 197, 3], [38, 124, 4], [48, 87, 3], [52, 179, 4], [59, 128, 4], [70, 200, 3], [76, 131, 3], [79, 194, 3], [90, 169, 3], [97, 166, 3], [101, 172, 3], [104, 185, 3], [107, 113, 3], [114, 143, 3], [132, 161, 3], [135, 158, 3], [144, 188, 3], [149, 175, 3], [180, 191, 3]]",-6289,4.841145833,0.1,0.157894737,0.588888889,0.929824561
bpRNA_RFAM_2340,AGCGAAAGGAAGCUCACUGUAGAGGUCACUUACUGAGUGCUCGUCACUCGCCAACACCUCGGGGAAGGUCUGAGACAGGAGCUCCUCGCUGACCUAGCAGGACAUCAUCUGAAUGAUGAGCGAGUGCACAGAAAAUCGGGUCACGCGCGCGACUCUCGCAGCAGACGUUGAUGCUCGCACACAUUCAGCGGAUCAACUGAAUGACGCGCGCAGACUUGGAAACACUCGCGGCUGGCGAAUGAGUGCGAUGUGUGAGCUAGCAUAACAUGCUAGAACCCAAUUCAGACUACUCUCCCUCCGC,301,l,T,1,"[[2, 301, 3], [8, 295, 3], [13, 256, 7], [21, 61, 5], [35, 49, 5], [70, 285, 5], [80, 233, 4], [90, 104, 5], [107, 119, 4], [120, 229, 7], [140, 215, 3], [257, 273, 7]]",-3282,"[[2, 146, 3], [8, 186, 3], [11, 41, 3], [14, 171, 3], [17, 78, 3], [20, 259, 3], [24, 137, 3], [30, 265, 3], [33, 219, 6], [44, 204, 3], [47, 64, 3], [55, 245, 3], [59, 152, 3], [66, 95, 3], [69, 286, 3], [72, 292, 3], [79, 227, 3], [82, 120, 3], [86, 231, 3], [89, 161, 3], [97, 127, 3], [100, 295, 3], [103, 241, 3], [106, 269, 3], [109, 164, 3], [112, 282, 3], [115, 194, 3], [122, 298, 3], [129, 234, 3], [138, 278, 4], [147, 301, 3], [153, 256, 3], [156, 248, 3], [166, 190, 3], [172, 262, 3], [175, 238, 4], [179, 253, 5], [197, 213, 3], [205, 210, 3], [271, 289, 3]]",-14758,7.217773438,0.015748031,0.034482759,0.417322835,0.913793103
bpRNA_RFAM_33376,CUUUAGACGACGGUUUGAAGCGGGGAGUGCAGAGAAUAAUAGUAAUCAGCGACUAUAAUCUGGCUUAUCACGGGUUGUGCCGACCUAACUUGCGGUGACGUUAAGUUAGGACAUCGCCGACAUGGCGGGAUUAAGGUUCGAUGAGAUCGGAGCUGACUCAUUGUUGUAGGUAUUCCAAAGUCCUACCUCCCACC,194,l,T,1,"[[2, 20, 4], [23, 190, 4], [27, 134, 1], [32, 61, 1], [40, 60, 1], [41, 55, 3], [64, 133, 5], [71, 82, 3], [75, 123, 4], [84, 109, 6], [114, 128, 5], [139, 163, 7], [148, 177, 4], [166, 186, 5]]",-2620,"[[1, 34, 4], [5, 61, 3], [8, 166, 4], [12, 47, 3], [15, 23, 3], [24, 190, 3], [27, 56, 3], [35, 174, 3], [38, 162, 3], [42, 93, 3], [48, 154, 3], [51, 107, 3], [62, 118, 3], [65, 144, 4], [70, 101, 3], [73, 187, 3], [76, 122, 3], [80, 150, 3], [83, 171, 4], [87, 138, 4], [95, 193, 3], [102, 133, 3], [108, 184, 5], [113, 147, 3], [123, 177, 3], [127, 159, 3]]",-5664,4.800130208,0.035294118,0.056603774,0.558823529,0.896226415
bpRNA_RFAM_34689,GUAACAAAGGGGUAGCGAAUAGAUGGCAAAGGGGUAGGCUAUUACAUAUAGUUUUGUUAACAUCUAUUUGUUCGAGUUACUAAUCAAACAUCUUCAAUAUUUAUUACUUACUUUCCUUUCUAUUUAACCGGCUAGCGACGCUAGUCGGUUUUAU,154,l,T,1,"[[2, 77, 2], [4, 73, 2], [13, 71, 4], [17, 60, 3], [20, 53, 2], [28, 119, 7], [39, 51, 1], [40, 48, 1], [127, 149, 9]]",-621,"[[2, 110, 3], [5, 56, 3], [8, 117, 3], [11, 92, 3], [14, 40, 3], [17, 151, 3], [20, 66, 4], [24, 96, 3], [28, 102, 3], [31, 120, 3], [34, 80, 4], [41, 84, 4], [46, 123, 3], [49, 106, 4], [57, 127, 4], [67, 76, 3], [70, 139, 3], [86, 114, 3], [97, 154, 3], [128, 148, 9]]",-3578,3.694986979,0.112676056,0.258064516,0.422535211,0.967741935
bpRNA_RNP_17,AGGGGGCUGGUGACUAUCCACUGGGAGGAAGCUCUGCCCACCCAAUUGUGUAGAUUUCCUGAGAAGGAAUGAAUAGGGUAUAGAAACGACACGGUUCUAAGAAAUAUGACUAUGAUAUUUUCAAAAUUGAGGAUUCUUAGAAAAUCGAUGAAACGACCUUAUUUUACACGGGUGCAAGCAUAUGUGCUAAGCUGAAUGUCACCGAAAUUACAGAAGGCAGGCUAUAGCCCCC,232,l,T,1,"[[1, 233, 8], [9, 203, 6], [18, 25, 2], [30, 223, 3], [34, 220, 5], [39, 174, 5], [48, 169, 5], [54, 70, 1], [56, 69, 5], [71, 164, 9], [92, 147, 3], [95, 142, 9], [117, 127, 3], [178, 185, 2]]",-4012,"[[2, 39, 3], [6, 228, 3], [9, 22, 3], [14, 53, 3], [17, 26, 3], [28, 97, 3], [31, 218, 3], [34, 213, 3], [40, 79, 4], [45, 116, 3], [48, 169, 3], [54, 197, 3], [57, 68, 4], [61, 120, 3], [69, 162, 3], [72, 209, 3], [80, 183, 3], [87, 129, 3], [92, 204, 3], [98, 139, 3], [101, 136, 3], [104, 113, 3], [107, 201, 4], [121, 151, 3], [124, 165, 3], [130, 159, 3], [145, 156, 3], [170, 231, 3], [173, 180, 3], [184, 225, 3], [191, 222, 3]]",-8133,5.634114583,0.1875,0.272727273,0.619791667,0.901515152
bpRNA_RFAM_23429,CGGUUUUCCUAAAUCGUCGUGAGACGGACCUUGGAAAACCUAGUAUUUAAAUAACUAGGU,60,m,T,1,"[[2, 40, 8], [15, 26, 4], [27, 61, 5]]",-264,"[[1, 16, 4], [5, 37, 5], [10, 49, 3], [17, 27, 4], [21, 32, 3], [38, 60, 6], [44, 53, 3]]",-664,3,0.178571429,0.294117647,0.553571429,0.911764706
bpRNA_RFAM_5061,AAGUGGUUGGACUCCUUCUAAAAUUAGAGCACAAUUAGUAGAUUAAAUUGGCUUAACCCUACCGCAUGAACCGAACUUGAUAAAAGUGCGGUAGGGGUAAAUUCUCCGCAUUCGGUGCG,119,m,T,1,"[[25, 56, 1], [27, 54, 3], [32, 50, 3], [35, 46, 12], [57, 96, 12], [70, 116, 6], [106, 120, 4]]",-1298,"[[1, 17, 3], [4, 26, 5], [9, 105, 3], [12, 29, 3], [18, 51, 4], [35, 83, 3], [38, 62, 4], [42, 102, 3], [52, 95, 4], [56, 98, 3], [63, 119, 3], [67, 79, 3], [70, 116, 4], [85, 112, 7]]",-1944,3,0.076923077,0.097560976,0.586538462,0.847222222
bpRNA_RFAM_5066,AAAUGGUUGGACUCUUUUUAGAUUAGAGACAAUUUGAAUAAUUUAAAUUGGCUUAACCCUACUGCAUUAACCGAACUAGACAACAAUGCAGUAGGGGUAAAUUUUCCGCGUUCGGUGCGGAAAAAAAAA,129,m,T,1,"[[24, 56, 1], [26, 54, 3], [30, 50, 9], [57, 96, 12], [70, 116, 6], [106, 120, 4]]",-914,"[[2, 103, 3], [6, 84, 4], [12, 28, 3], [15, 129, 4], [20, 44, 6], [33, 47, 3], [48, 79, 4], [53, 100, 3], [58, 95, 11], [70, 116, 3], [73, 113, 3], [104, 122, 6]]",-2058,3,0.452830189,0.685714286,0.566037736,0.857142857
bpRNA_RFAM_6469,GUGGCCGGCAUGGUCCCAGCCUCCUCGCUGGCGCCGGCUGGGCAACAUUCCGAGGGGACCGUCCUCCUCGGUAAUGGCGAAUGGGACCC,89,m,T,1,"[[3, 39, 7], [12, 88, 7], [19, 32, 3], [23, 41, 2], [46, 76, 4], [50, 71, 7], [58, 62, 1]]",-875,"[[1, 62, 3], [4, 9, 3], [12, 88, 3], [15, 85, 4], [19, 43, 3], [22, 58, 3], [25, 80, 4], [29, 36, 4], [37, 72, 4], [46, 76, 4], [52, 66, 4]]",-1300,3,0.282051282,0.35483871,0.743589744,0.935483871
bpRNA_RFAM_7556,AGUAGUAUUCCGCAGCGUAUCCAUAACGGGCUUUGCUGCGGCUAAUUCUUUUAUAGAAACACUUAGGAGUGAAUAAUGGCCCGUAUAGCAGGCAUUAACAUUCCUGA,107,m,T,1,"[[4, 49, 6], [10, 41, 4], [21, 92, 3], [27, 83, 4], [35, 107, 3]]",-374,"[[1, 102, 3], [4, 47, 3], [7, 74, 3], [11, 40, 6], [17, 86, 3], [20, 68, 3], [24, 65, 3], [27, 83, 5], [32, 59, 3], [41, 89, 3], [48, 92, 3], [51, 98, 3], [54, 106, 3], [60, 71, 3], [76, 95, 3]]",-2007,3,0.14,0.35,0.36,0.9
bpRNA_RFAM_23352,AGUGUUUUUUUCCCUCCACUUAAAUCGAAGGG,32,s,T,1,"[[2, 19, 3], [11, 33, 5], [16, 27, 1]]",-61,"[[1, 20, 3], [4, 25, 4], [8, 29, 3], [12, 32, 3]]",-138,3,0.384615385,0.555555556,0.5,0.722222222
bpRNA_RFAM_23366,GGGAAAUGGACUGAGCGGCGCCGACCGCCAAACAACCGG,39,s,T,1,"[[14, 29, 5], [21, 39, 3]]",-60,"[[7, 23, 3], [11, 39, 3], [15, 28, 4]]",-98,3,0.4,0.5,0.7,0.875
bpRNA_RFAM_23381,UUUAAAUGGGCAAGCGGCACCGUCCGCCAAAACAAACG,38,s,T,1,"[[14, 27, 4], [20, 39, 4]]",-64,"[[1, 32, 3], [7, 29, 3], [15, 26, 3], [21, 38, 3]]",-128,3,0.5,0.75,0.541666667,0.8125
bpRNA_RFAM_23457,UUUCAGGACAUACUGAAGAGGAUGUCAAGAAUGCAAUUGGGGUCCUC,47,s,T,1,"[[2, 41, 5], [18, 47, 6]]",-120,"[[1, 30, 3], [4, 15, 3], [9, 33, 3], [18, 47, 4], [24, 43, 3], [34, 39, 3]]",-312,3,0.210526316,0.363636364,0.5,0.863636364
bpRNA_RFAM_23495,CGAAUCUCAAGCAAUCAAGCAUUCUACUUCUAUUGC,36,s,T,1,"[[2, 24, 4], [6, 19, 2], [11, 36, 5]]",-111,"[[2, 24, 4], [11, 36, 5], [17, 29, 3]]",-139,3,0.75,0.818181818,0.833333333,0.909090909
